-- phpMyAdmin SQL Dump
-- version 5.0.2
-- https://www.phpmyadmin.net/
--
-- Host: 127.0.0.1
-- Generation Time: Mar 12, 2021 at 03:06 AM
-- Server version: 10.4.11-MariaDB
-- PHP Version: 7.4.6

SET SQL_MODE = "NO_AUTO_VALUE_ON_ZERO";
START TRANSACTION;
SET time_zone = "+00:00";


/*!40101 SET @OLD_CHARACTER_SET_CLIENT=@@CHARACTER_SET_CLIENT */;
/*!40101 SET @OLD_CHARACTER_SET_RESULTS=@@CHARACTER_SET_RESULTS */;
/*!40101 SET @OLD_COLLATION_CONNECTION=@@COLLATION_CONNECTION */;
/*!40101 SET NAMES utf8mb4 */;

--
-- Database: `prog3_esp`
--

-- --------------------------------------------------------

--
-- Table structure for table `ajouts`
--

CREATE TABLE `ajouts` (
  `id` bigint(20) UNSIGNED NOT NULL,
  `user_id` int(11) NOT NULL,
  `joueur` varchar(255) COLLATE utf8mb4_unicode_ci NOT NULL,
  `created_at` timestamp NULL DEFAULT NULL,
  `updated_at` timestamp NULL DEFAULT NULL,
  `deleted_at` timestamp NULL DEFAULT NULL
) ENGINE=InnoDB DEFAULT CHARSET=utf8mb4 COLLATE=utf8mb4_unicode_ci;

-- --------------------------------------------------------

--
-- Table structure for table `failed_jobs`
--

CREATE TABLE `failed_jobs` (
  `id` bigint(20) UNSIGNED NOT NULL,
  `connection` text COLLATE utf8mb4_unicode_ci NOT NULL,
  `queue` text COLLATE utf8mb4_unicode_ci NOT NULL,
  `payload` longtext COLLATE utf8mb4_unicode_ci NOT NULL,
  `exception` longtext COLLATE utf8mb4_unicode_ci NOT NULL,
  `failed_at` timestamp NOT NULL DEFAULT current_timestamp()
) ENGINE=InnoDB DEFAULT CHARSET=utf8mb4 COLLATE=utf8mb4_unicode_ci;

-- --------------------------------------------------------

--
-- Table structure for table `migrations`
--

CREATE TABLE `migrations` (
  `id` int(10) UNSIGNED NOT NULL,
  `migration` varchar(255) COLLATE utf8mb4_unicode_ci NOT NULL,
  `batch` int(11) NOT NULL
) ENGINE=InnoDB DEFAULT CHARSET=utf8mb4 COLLATE=utf8mb4_unicode_ci;

--
-- Dumping data for table `migrations`
--

INSERT INTO `migrations` (`id`, `migration`, `batch`) VALUES
(1, '2014_10_12_000000_create_users_table', 1),
(2, '2014_10_12_100000_create_password_resets_table', 1),
(3, '2019_08_19_000000_create_failed_jobs_table', 1),
(4, '2021_03_12_010430_ajouts', 2);

-- --------------------------------------------------------

--
-- Table structure for table `password_resets`
--

CREATE TABLE `password_resets` (
  `email` varchar(255) COLLATE utf8mb4_unicode_ci NOT NULL,
  `token` varchar(255) COLLATE utf8mb4_unicode_ci NOT NULL,
  `created_at` timestamp NULL DEFAULT NULL
) ENGINE=InnoDB DEFAULT CHARSET=utf8mb4 COLLATE=utf8mb4_unicode_ci;

-- --------------------------------------------------------

--
-- Table structure for table `players`
--

CREATE TABLE `players` (
  `id` int(11) NOT NULL,
  `numero` int(11) NOT NULL,
  `nom` varchar(255) NOT NULL,
  `prenom` varchar(255) NOT NULL,
  `position` varchar(255) DEFAULT NULL,
  `pj` int(11) DEFAULT NULL,
  `b` int(11) DEFAULT NULL,
  `a` int(11) DEFAULT NULL,
  `pts` int(11) DEFAULT NULL,
  `min_pun` int(11) DEFAULT NULL,
  `plus_et_moins` int(11) DEFAULT NULL,
  `age` int(11) DEFAULT NULL,
  `team_id` int(11) NOT NULL,
  `photo` varchar(255) DEFAULT NULL,
  `created_at` timestamp NOT NULL DEFAULT current_timestamp(),
  `updated_at` timestamp NOT NULL DEFAULT current_timestamp() ON UPDATE current_timestamp(),
  `deleted_at` timestamp NULL DEFAULT NULL
) ENGINE=InnoDB DEFAULT CHARSET=utf8mb4;

--
-- Dumping data for table `players`
--

INSERT INTO `players` (`id`, `numero`, `nom`, `prenom`, `position`, `pj`, `b`, `a`, `pts`, `min_pun`, `plus_et_moins`, `age`, `team_id`, `photo`, `created_at`, `updated_at`, `deleted_at`) VALUES
(1, 12, 'Oates', 'Adam', 'A', 84, 45, 97, 142, 32, 15, 30, 1, 'adam-oates-2001-49.jpg', '2021-02-17 21:21:17', '2021-02-17 21:55:15', NULL),
(2, 49, 'Juneau', 'Joe', 'A', 84, 32, 70, 102, 33, 23, 24, 1, NULL, '2021-02-17 21:21:17', '2021-02-17 21:21:17', NULL),
(3, 77, 'Bourque', 'Ray', 'D', 78, 19, 63, 82, 40, 38, 31, 1, NULL, '2021-02-17 21:21:17', '2021-02-17 21:21:17', NULL),
(4, 10, 'Kvartalnov', 'Dmitri', 'A', 73, 30, 42, 72, 16, 9, 26, 1, NULL, '2021-02-17 21:21:17', '2021-02-17 21:21:17', NULL),
(5, 27, 'Leach', 'Steve', 'A', 79, 26, 25, 51, 126, -6, 26, 1, NULL, '2021-02-17 21:21:17', '2021-02-17 21:21:17', NULL),
(6, 19, 'Poulin', 'Dave', 'A', 84, 16, 33, 49, 62, 29, 33, 1, NULL, '2021-02-17 21:21:17', '2021-02-17 21:21:17', NULL),
(7, 38, 'Ruzicka', 'Vladimir', 'A', 60, 19, 22, 41, 38, -6, 29, 1, NULL, '2021-02-17 21:21:17', '2021-02-17 21:21:17', NULL),
(8, 17, 'Reid', 'Dave', 'A', 65, 20, 16, 36, 10, 12, 28, 1, NULL, '2021-02-17 21:21:17', '2021-02-17 21:21:17', NULL),
(9, 21, 'Donato', 'Ted', 'A', 82, 15, 20, 35, 61, 2, 23, 1, NULL, '2021-02-17 21:21:17', '2021-02-17 21:21:17', NULL),
(10, 32, 'Sweeney', 'Don', 'D', 84, 7, 27, 34, 68, 34, 26, 1, NULL, '2021-02-17 21:21:17', '2021-02-17 21:21:17', NULL),
(11, 26, 'Wesley', 'Glen', 'D', 64, 8, 25, 33, 47, -2, 23, 1, NULL, '2021-02-17 21:21:17', '2021-02-17 21:21:17', NULL),
(12, 23, 'Heinze', 'Steve', 'A', 73, 18, 13, 31, 24, 20, 22, 1, NULL, '2021-02-17 21:21:17', '2021-02-17 21:21:17', NULL),
(13, 34, 'Shaw', 'David', 'D', 77, 10, 14, 24, 108, 10, 28, 1, NULL, '2021-02-17 21:21:17', '2021-02-17 21:21:17', NULL),
(14, 8, 'Neely', 'Cam', 'A', 13, 11, 7, 18, 25, 4, 27, 1, NULL, '2021-02-17 21:21:17', '2021-02-17 21:21:17', NULL),
(15, 28, 'Murphy', 'Gord', 'D', 49, 5, 12, 17, 62, -13, 25, 1, NULL, '2021-02-17 21:21:17', '2021-02-17 21:21:17', NULL),
(16, 14, 'Roberts', 'Gordie', 'D', 65, 5, 12, 17, 105, 23, 34, 1, NULL, '2021-02-17 21:21:17', '2021-02-17 21:21:17', NULL),
(17, 13, 'Panteleev', 'Grigori', 'A', 39, 8, 6, 14, 12, -6, 19, 1, NULL, '2021-02-17 21:21:17', '2021-02-17 21:21:17', NULL),
(18, 29, 'Kimble', 'Darin', 'A', 55, 7, 3, 10, 177, 4, 23, 1, NULL, '2021-02-17 21:21:17', '2021-02-17 21:21:17', NULL),
(19, 6, 'Featherstone', 'Glen', 'D', 34, 5, 5, 10, 102, 6, 24, 1, NULL, '2021-02-17 21:21:17', '2021-02-17 21:21:17', NULL),
(20, 42, 'Hughes', 'Brent', 'A', 62, 5, 4, 9, 191, -4, 26, 1, NULL, '2021-02-17 21:21:17', '2021-02-17 21:21:17', NULL),
(21, 18, 'Young', 'C.J.', 'A', 15, 4, 5, 9, 12, 1, 24, 1, NULL, '2021-02-17 21:21:17', '2021-02-17 21:21:17', NULL),
(22, 16, 'Douris', 'Peter', 'A', 19, 4, 4, 8, 4, 5, 26, 1, NULL, '2021-02-17 21:21:17', '2021-02-17 21:21:17', NULL),
(23, 16, 'Sweeney', 'Tim', 'A', 14, 1, 7, 8, 6, 1, 25, 1, NULL, '2021-02-17 21:21:17', '2021-02-17 21:21:17', NULL),
(24, 13, 'Sundin', 'Mats', 'A', 80, 47, 67, 114, 96, 21, 21, 2, NULL, '2021-02-17 21:21:17', '2021-02-17 21:21:17', NULL),
(25, 19, 'Sakic', 'Joe', 'A', 78, 48, 57, 105, 40, -3, 23, 2, NULL, '2021-02-17 21:21:17', '2021-02-17 21:21:17', NULL),
(26, 28, 'Duchesne', 'Steve', 'D', 82, 20, 62, 82, 57, 15, 27, 2, NULL, '2021-02-17 21:21:17', '2021-02-17 21:21:17', NULL),
(27, 9, 'Ricci', 'Mike', 'A', 77, 27, 51, 78, 123, 8, 20, 2, NULL, '2021-02-17 21:21:17', '2021-02-17 21:21:17', NULL),
(28, 11, 'Nolan', 'Owen', 'A', 73, 36, 41, 77, 185, -1, 20, 2, NULL, '2021-02-17 21:21:17', '2021-02-17 21:21:17', NULL),
(29, 51, 'Kovalenko', 'Andrei', 'A', 81, 27, 41, 68, 57, 13, 22, 2, NULL, '2021-02-17 21:21:17', '2021-02-17 21:21:17', NULL),
(30, 48, 'Young', 'Scott', 'A', 82, 30, 30, 60, 20, 5, 24, 2, NULL, '2021-02-17 21:21:17', '2021-02-17 21:21:17', NULL),
(31, 25, 'Rucinsky', 'Martin', 'A', 77, 18, 30, 48, 51, 16, 21, 2, NULL, '2021-02-17 21:21:17', '2021-02-17 21:21:17', NULL),
(32, 31, 'Kamensky', 'Valeri', 'A', 32, 15, 22, 37, 14, 13, 26, 2, NULL, '2021-02-17 21:21:17', '2021-02-17 21:21:17', NULL),
(33, 47, 'Lapointe', 'Claude', 'A', 74, 10, 26, 36, 98, 5, 23, 2, NULL, '2021-02-17 21:21:17', '2021-02-17 21:21:17', NULL),
(34, 7, 'Leschyshyn', 'Curtis', 'D', 82, 9, 23, 32, 61, 25, 22, 2, NULL, '2021-02-17 21:21:17', '2021-02-17 21:21:17', NULL),
(35, 18, 'Hough', 'Mike', 'A', 77, 8, 22, 30, 69, -11, 29, 2, NULL, '2021-02-17 21:21:17', '2021-02-17 21:21:17', NULL),
(36, 5, 'Gusarov', 'Alexei', 'D', 79, 8, 22, 30, 57, 18, 28, 2, NULL, '2021-02-17 21:21:17', '2021-02-17 21:21:17', NULL),
(37, 44, 'Cavallini', 'Gino', 'A', 67, 9, 15, 24, 34, 10, 29, 2, NULL, '2021-02-17 21:21:17', '2021-02-17 21:21:17', NULL),
(38, 2, 'Huffman', 'Kerry', 'D', 52, 4, 18, 22, 54, 0, 24, 2, NULL, '2021-02-17 21:21:17', '2021-02-17 21:21:17', NULL),
(39, 52, 'Foote', 'Adam', 'D', 81, 4, 12, 16, 168, 6, 21, 2, NULL, '2021-02-17 21:21:17', '2021-02-17 21:21:17', NULL),
(40, 22, 'Pearson', 'Scott', 'A', 41, 13, 1, 14, 95, 3, 22, 2, NULL, '2021-02-17 21:21:17', '2021-02-17 21:21:17', NULL),
(41, 29, 'Finn', 'Steven', 'D', 80, 5, 9, 14, 160, -3, 26, 2, NULL, '2021-02-17 21:21:17', '2021-02-17 21:21:17', NULL),
(42, 20, 'Lindsay', 'Bill', 'A', 44, 4, 9, 13, 16, 0, 21, 2, NULL, '2021-02-17 21:21:17', '2021-02-17 21:21:17', NULL),
(43, 25, 'Damphousse', 'Vincent', 'A', 84, 39, 58, 97, 98, 5, 24, 3, NULL, '2021-02-17 21:21:17', '2021-02-17 21:21:17', NULL),
(44, 11, 'Muller', 'Kirk', 'A', 80, 37, 57, 94, 77, 8, 26, 3, NULL, '2021-02-17 21:21:17', '2021-02-17 21:21:17', NULL),
(45, 23, 'Bellows', 'Brian', 'A', 82, 40, 48, 88, 44, 4, 28, 3, NULL, '2021-02-17 21:21:17', '2021-02-17 21:21:17', NULL),
(46, 47, 'Lebeau', 'Stephan', 'A', 71, 31, 49, 80, 20, 23, 24, 3, NULL, '2021-02-17 21:21:17', '2021-02-17 21:21:17', NULL),
(47, 12, 'Keane', 'Mike', 'A', 77, 15, 45, 60, 95, 29, 25, 3, NULL, '2021-02-17 21:21:17', '2021-02-17 21:21:17', NULL),
(48, 18, 'Savard', 'Denis', 'A', 63, 16, 34, 50, 90, 1, 31, 3, NULL, '2021-02-17 21:21:17', '2021-02-17 21:21:17', NULL),
(49, 45, 'Dionne', 'Gilbert', 'A', 75, 20, 28, 48, 63, 5, 21, 3, NULL, '2021-02-17 21:21:17', '2021-02-17 21:21:17', NULL),
(50, 28, 'Desjardins', 'Eric', 'D', 82, 13, 32, 45, 98, 20, 23, 3, NULL, '2021-02-17 21:21:17', '2021-02-17 21:21:17', NULL),
(51, 17, 'LeClair', 'John', 'A', 72, 19, 25, 44, 33, 11, 23, 3, NULL, '2021-02-17 21:21:17', '2021-02-17 21:21:17', NULL),
(52, 8, 'Schneider', 'Mathieu', 'D', 60, 13, 31, 44, 91, 8, 23, 3, NULL, '2021-02-17 21:21:17', '2021-02-17 21:21:17', NULL),
(53, 43, 'Brisebois', 'Patrice', 'D', 70, 10, 21, 31, 79, 6, 21, 3, NULL, '2021-02-17 21:21:17', '2021-02-17 21:21:17', NULL),
(54, 14, 'Haller', 'Kevin', 'D', 73, 11, 14, 25, 117, 7, 21, 3, NULL, '2021-02-17 21:21:17', '2021-02-17 21:21:17', NULL),
(55, 22, 'Brunet', 'Benoit', 'A', 47, 10, 15, 25, 19, 13, 24, 3, NULL, '2021-02-17 21:21:17', '2021-02-17 21:21:17', NULL),
(56, 48, 'Daigneault', 'Jean-Jacques', 'D', 66, 8, 10, 18, 57, 25, 26, 3, NULL, '2021-02-17 21:21:17', '2021-02-17 21:21:17', NULL),
(57, 15, 'DiPietro', 'Paul', 'A', 29, 4, 13, 17, 14, 11, 21, 3, NULL, '2021-02-17 21:21:17', '2021-02-17 21:21:17', NULL),
(58, 21, 'Carbonneau', 'Guy', 'A', 61, 4, 13, 17, 20, -9, 32, 3, NULL, '2021-02-17 21:21:17', '2021-02-17 21:21:17', NULL),
(59, 24, 'Odelein', 'Lyle', 'D', 83, 2, 14, 16, 205, 35, 24, 3, NULL, '2021-02-17 21:21:17', '2021-02-17 21:21:17', NULL),
(60, 36, 'Ewen', 'Todd', 'A', 75, 5, 9, 14, 193, 6, 26, 3, NULL, '2021-02-17 21:21:17', '2021-02-17 21:21:17', NULL),
(61, 31, 'Ronan', 'Ed', 'A', 53, 5, 7, 12, 20, 6, 24, 3, NULL, '2021-02-17 21:21:17', '2021-02-17 21:21:17', NULL),
(62, 16, 'LaFontaine', 'Pat', 'A', 84, 53, 95, 148, 63, 11, 27, 4, 'pat-lafontaine-1996-33.jpg', '2021-02-17 21:21:17', '2021-02-17 21:58:22', NULL),
(63, 89, 'Mogilny', 'Alexander', 'A', 77, 76, 51, 127, 40, 7, 23, 4, 'alexander-mogilny-2006-263.jpg', '2021-02-17 21:21:17', '2021-02-17 21:55:26', NULL),
(64, 10, 'Hawerchuk', 'Dale', 'A', 81, 16, 80, 96, 52, -17, 29, 4, 'dale-hawerchuk-1996-36.jpg', '2021-02-17 21:21:17', '2021-02-17 21:56:16', NULL),
(65, 14, 'Andreychuk', 'Dave', 'A', 52, 29, 32, 61, 48, -8, 28, 4, NULL, '2021-02-17 21:21:17', '2021-02-17 21:21:17', NULL),
(66, 8, 'Bodger', 'Doug', 'D', 81, 9, 45, 54, 87, 14, 26, 4, NULL, '2021-02-17 21:21:17', '2021-02-17 21:21:17', NULL),
(67, 20, 'Sweeney', 'Bob', 'A', 80, 21, 26, 47, 118, 2, 28, 4, NULL, '2021-02-17 21:21:17', '2021-02-17 21:21:17', NULL),
(68, 19, 'Wood', 'Randy', 'A', 82, 18, 25, 43, 77, 6, 28, 4, NULL, '2021-02-17 21:21:17', '2021-02-17 21:21:17', NULL),
(69, 13, 'Khmylev', 'Yuri', 'A', 68, 20, 19, 39, 28, 6, 28, 4, NULL, '2021-02-17 21:21:17', '2021-02-17 21:21:17', NULL),
(70, 18, 'Presley', 'Wayne', 'A', 79, 15, 17, 32, 96, 5, 27, 4, NULL, '2021-02-17 21:21:17', '2021-02-17 21:21:17', NULL),
(71, 42, 'Smehlik', 'Richard', 'D', 80, 4, 27, 31, 59, 9, 22, 4, NULL, '2021-02-17 21:21:17', '2021-02-17 21:21:17', NULL),
(72, 27, 'May', 'Brad', 'A', 82, 13, 13, 26, 242, 3, 20, 4, NULL, '2021-02-17 21:21:17', '2021-02-17 21:21:17', NULL),
(73, 7, 'Svoboda', 'Petr', 'D', 40, 2, 24, 26, 59, 3, 26, 4, NULL, '2021-02-17 21:21:17', '2021-02-17 21:21:17', NULL),
(74, 41, 'Sutton', 'Ken', 'D', 63, 8, 14, 22, 30, -3, 22, 4, NULL, '2021-02-17 21:21:17', '2021-02-17 21:21:17', NULL),
(75, 14, 'Hannan', 'Dave', 'A', 55, 5, 15, 20, 43, 8, 30, 4, NULL, '2021-02-17 21:21:17', '2021-02-17 21:21:17', NULL),
(76, 28, 'Audette', 'Donald', 'A', 44, 12, 7, 19, 51, -8, 22, 4, NULL, '2021-02-17 21:21:17', '2021-02-17 21:21:17', NULL),
(77, 3, 'Ledyard', 'Grant', 'D', 50, 2, 14, 16, 45, -2, 30, 4, NULL, '2021-02-17 21:21:17', '2021-02-17 21:21:17', NULL),
(78, 34, 'Donnelly', 'Gord', 'D', 60, 3, 8, 11, 221, 5, 30, 4, NULL, '2021-02-17 21:21:17', '2021-02-17 21:21:17', NULL),
(79, 29, 'Corkum', 'Bob', 'A', 68, 6, 4, 10, 38, -3, 24, 4, NULL, '2021-02-17 21:21:17', '2021-02-17 21:21:17', NULL),
(80, 8, 'Sanderson', 'Geoff', 'A', 82, 46, 43, 89, 28, -21, 20, 5, NULL, '2021-02-17 21:21:17', '2021-02-17 21:21:17', NULL),
(81, 21, 'Cassels', 'Andrew', 'A', 84, 21, 64, 85, 62, -11, 23, 5, NULL, '2021-02-17 21:21:17', '2021-02-17 21:21:17', NULL),
(82, 16, 'Verbeek', 'Pat', 'A', 84, 39, 43, 82, 197, -7, 28, 5, NULL, '2021-02-17 21:21:17', '2021-02-17 21:21:17', NULL),
(83, 32, 'Craven', 'Murray', 'A', 67, 25, 42, 67, 20, -4, 28, 5, NULL, '2021-02-17 21:21:17', '2021-02-17 21:21:17', NULL),
(84, 3, 'Zalapski', 'Zarley', 'D', 83, 14, 51, 65, 94, -34, 24, 5, NULL, '2021-02-17 21:21:17', '2021-02-17 21:21:17', NULL),
(85, 25, 'Yake', 'Terry', 'A', 66, 22, 31, 53, 46, 3, 23, 5, NULL, '2021-02-17 21:21:18', '2021-02-17 21:21:18', NULL),
(86, 24, 'Poulin', 'Patrick', 'A', 81, 20, 31, 51, 37, -19, 19, 5, NULL, '2021-02-17 21:21:18', '2021-02-17 21:21:18', NULL),
(87, 4, 'Weinrich', 'Eric', 'D', 79, 7, 29, 36, 76, -11, 25, 5, NULL, '2021-02-17 21:21:18', '2021-02-17 21:21:18', NULL),
(88, 92, 'Nylander', 'Michael', 'A', 59, 11, 22, 33, 36, -7, 19, 5, NULL, '2021-02-17 21:21:18', '2021-02-17 21:21:18', NULL),
(89, 22, 'Janssens', 'Mark', 'A', 76, 12, 17, 29, 237, -15, 24, 5, NULL, '2021-02-17 21:21:18', '2021-02-17 21:21:18', NULL),
(90, 20, 'Kypreos', 'Nick', 'A', 75, 17, 10, 27, 325, -5, 26, 5, 'nick-kypreos-1996-48.jpg', '2021-02-17 21:21:18', '2021-02-17 21:58:08', NULL),
(91, 6, 'Burt', 'Adam', 'D', 65, 6, 14, 20, 116, -11, 23, 5, NULL, '2021-02-17 21:21:18', '2021-02-17 21:21:18', NULL),
(92, 5, 'Konroyd', 'Steve', 'D', 59, 3, 11, 14, 63, -16, 31, 5, NULL, '2021-02-17 21:21:18', '2021-02-17 21:21:18', NULL),
(93, 11, 'Corriveau', 'Yvon', 'A', 37, 5, 5, 10, 14, -13, 25, 5, NULL, '2021-02-17 21:21:18', '2021-02-17 21:21:18', NULL),
(94, 7, 'Cunneyworth', 'Randy', 'A', 39, 5, 4, 9, 63, -1, 31, 5, NULL, '2021-02-17 21:21:18', '2021-02-17 21:21:18', NULL),
(95, 39, 'Petrovicky', 'Robert', 'A', 42, 3, 6, 9, 45, -10, 18, 5, NULL, '2021-02-17 21:21:18', '2021-02-17 21:21:18', NULL),
(96, 33, 'McKenzie', 'Jim', 'A', 64, 3, 6, 9, 202, -10, 22, 5, NULL, '2021-02-17 21:21:18', '2021-02-17 21:21:18', NULL),
(97, 22, 'Maciver', 'Norm', 'D', 80, 17, 46, 63, 84, -46, 27, 6, NULL, '2021-02-17 21:21:18', '2021-02-17 21:21:18', NULL),
(98, 13, 'Baker', 'Jamie', 'A', 76, 19, 29, 48, 54, -20, 26, 6, NULL, '2021-02-17 21:21:18', '2021-02-17 21:21:18', NULL),
(99, 61, 'Turgeon', 'Sylvain', 'A', 72, 25, 18, 43, 104, -29, 27, 6, NULL, '2021-02-17 21:21:18', '2021-02-17 21:21:18', NULL),
(100, 4, 'Shaw', 'Brad', 'D', 81, 7, 34, 41, 34, -47, 28, 6, NULL, '2021-02-17 21:21:18', '2021-02-17 21:21:18', NULL),
(101, 26, 'Kudelski', 'Bob', 'A', 48, 21, 14, 35, 22, -22, 28, 6, NULL, '2021-02-17 21:21:18', '2021-02-17 21:21:18', NULL),
(102, 17, 'Hull', 'Jody', 'A', 69, 13, 21, 34, 14, -24, 23, 6, NULL, '2021-02-17 21:21:18', '2021-02-17 21:21:18', NULL),
(103, 7, 'Lamb', 'Mark', 'A', 71, 7, 19, 26, 64, -40, 28, 6, NULL, '2021-02-17 21:21:18', '2021-02-17 21:21:18', NULL),
(104, 44, 'Peluso', 'Mike', 'A', 81, 15, 10, 25, 318, -35, 26, 6, 'mike-peluso-1996-51.jpg', '2021-02-17 21:21:18', '2021-02-17 21:57:55', NULL),
(105, 11, 'Freer', 'Mark', 'A', 63, 10, 14, 24, 39, -35, 24, 6, NULL, '2021-02-17 21:21:18', '2021-02-17 21:21:18', NULL),
(106, 12, 'Brady', 'Neil', 'A', 55, 7, 17, 24, 57, -25, 24, 6, NULL, '2021-02-17 21:21:18', '2021-02-17 21:21:18', NULL),
(107, 20, 'McBain', 'Andrew', 'A', 59, 7, 16, 23, 43, -37, 27, 6, NULL, '2021-02-17 21:21:18', '2021-02-17 21:21:18', NULL),
(108, 16, 'Boschman', 'Laurie', 'A', 70, 9, 7, 16, 101, -26, 32, 6, NULL, '2021-02-17 21:21:18', '2021-02-17 21:21:18', NULL),
(109, 34, 'Rumble', 'Darren', 'D', 69, 3, 13, 16, 61, -24, 23, 6, NULL, '2021-02-17 21:21:18', '2021-02-17 21:21:18', NULL),
(110, 15, 'Archibald', 'Dave', 'A', 44, 9, 6, 15, 32, -16, 23, 6, NULL, '2021-02-17 21:21:18', '2021-02-17 21:21:18', NULL),
(111, 9, 'Smail', 'Doug', 'A', 51, 4, 10, 14, 51, -34, 34, 6, NULL, '2021-02-17 21:21:18', '2021-02-17 21:21:18', NULL),
(112, 25, 'Jelinek', 'Tomas', 'A', 49, 7, 6, 13, 52, -21, 30, 6, NULL, '2021-02-17 21:21:18', '2021-02-17 21:21:18', NULL),
(113, 23, 'Luongo', 'Chris', 'D', 76, 3, 9, 12, 68, -47, 25, 6, NULL, '2021-02-17 21:21:18', '2021-02-17 21:21:18', NULL),
(114, 28, 'Lazaro', 'Jeff', 'A', 26, 6, 4, 10, 16, -8, 24, 6, NULL, '2021-02-17 21:21:18', '2021-02-17 21:21:18', NULL),
(115, 18, 'Murphy', 'Rob', 'A', 44, 3, 7, 10, 30, -23, 23, 6, NULL, '2021-02-17 21:21:18', '2021-02-17 21:21:18', NULL),
(116, 10, 'Loewen', 'Darcy', 'A', 79, 4, 5, 9, 145, -26, 23, 6, NULL, '2021-02-17 21:21:18', '2021-02-17 21:21:18', NULL),
(117, 27, 'Roenick', 'Jeremy', 'A', 84, 50, 57, 107, 86, 15, 22, 7, NULL, '2021-02-17 21:21:18', '2021-02-17 21:21:18', NULL),
(118, 7, 'Chelios', 'Chris', 'D', 84, 15, 58, 73, 282, 14, 30, 7, 'chris-chelios-2008-34.jpg', '2021-02-17 21:21:18', '2021-02-17 21:56:01', NULL),
(119, 28, 'Larmer', 'Steve', 'A', 84, 35, 35, 70, 48, 23, 31, 7, NULL, '2021-02-17 21:21:18', '2021-02-17 21:21:18', NULL),
(120, 5, 'Smith', 'Steve', 'D', 78, 10, 47, 57, 214, 12, 29, 7, NULL, '2021-02-17 21:21:18', '2021-02-17 21:21:18', NULL),
(121, 12, 'Sutter', 'Brent', 'A', 65, 20, 34, 54, 67, 10, 30, 7, NULL, '2021-02-17 21:21:18', '2021-02-17 21:21:18', NULL),
(122, 22, 'Ruuttu', 'Christian', 'A', 84, 17, 37, 54, 134, 14, 28, 7, NULL, '2021-02-17 21:21:18', '2021-02-17 21:21:18', NULL),
(123, 16, 'Goulet', 'Michel', 'A', 63, 23, 21, 44, 43, 10, 32, 7, NULL, '2021-02-17 21:21:18', '2021-02-17 21:21:18', NULL),
(124, 33, 'Graham', 'Dirk', 'A', 84, 20, 17, 37, 139, 0, 33, 7, NULL, '2021-02-17 21:21:18', '2021-02-17 21:21:18', NULL),
(125, 32, 'Matteau', 'Stephane', 'A', 79, 15, 18, 33, 98, 6, 22, 7, NULL, '2021-02-17 21:21:18', '2021-02-17 21:21:18', NULL),
(126, 14, 'Gilbert', 'Greg', 'A', 77, 13, 19, 32, 57, 5, 30, 7, NULL, '2021-02-17 21:21:18', '2021-02-17 21:21:18', NULL),
(127, 26, 'Lemieux', 'Jocelyn', 'A', 81, 10, 21, 31, 111, 5, 24, 7, NULL, '2021-02-17 21:21:18', '2021-02-17 21:21:18', NULL),
(128, 10, 'Noonan', 'Brian', 'A', 63, 16, 14, 30, 82, 3, 27, 7, NULL, '2021-02-17 21:21:18', '2021-02-17 21:21:18', NULL),
(129, 2, 'Marchment', 'Bryan', 'D', 78, 5, 15, 20, 313, 15, 23, 7, NULL, '2021-02-17 21:21:18', '2021-02-17 21:21:18', NULL),
(130, 6, 'Kucera', 'Frantisek', 'D', 71, 5, 14, 19, 59, 7, 24, 7, NULL, '2021-02-17 21:21:18', '2021-02-17 21:21:18', NULL),
(131, 25, 'Christian', 'Dave', 'A', 60, 4, 14, 18, 12, 6, 33, 7, NULL, '2021-02-17 21:21:18', '2021-02-17 21:21:18', NULL),
(132, 17, 'Murphy', 'Joe', 'A', 19, 7, 10, 17, 18, -3, 24, 7, NULL, '2021-02-17 21:21:18', '2021-02-17 21:21:18', NULL),
(133, 4, 'Brown', 'Keith', 'D', 33, 2, 6, 8, 39, 3, 32, 7, NULL, '2021-02-17 21:21:18', '2021-02-17 21:21:18', NULL),
(134, 19, 'Yzerman', 'Steve', 'A', 84, 58, 79, 137, 44, 33, 27, 8, 'steve-yzerman-1996-34.jpg', '2021-02-17 21:21:18', '2021-02-17 21:59:27', NULL),
(135, 22, 'Ciccarelli', 'Dino', 'A', 82, 41, 56, 97, 81, 12, 32, 8, NULL, '2021-02-17 21:21:18', '2021-02-17 21:21:18', NULL),
(136, 91, 'Fedorov', 'Sergei', 'A', 73, 34, 53, 87, 72, 33, 22, 8, NULL, '2021-02-17 21:21:18', '2021-02-17 21:21:18', NULL),
(137, 26, 'Sheppard', 'Ray', 'A', 70, 32, 34, 66, 29, 7, 26, 8, NULL, '2021-02-17 21:21:18', '2021-02-17 21:21:18', NULL),
(138, 21, 'Ysebaert', 'Paul', 'A', 80, 34, 28, 62, 42, 19, 26, 8, NULL, '2021-02-17 21:21:18', '2021-02-17 21:21:18', NULL),
(139, 3, 'Chiasson', 'Steve', 'D', 79, 12, 50, 62, 155, 14, 25, 8, NULL, '2021-02-17 21:21:18', '2021-02-17 21:21:18', NULL),
(140, 12, 'Carson', 'Jimmy', 'A', 52, 25, 26, 51, 18, 0, 24, 8, NULL, '2021-02-17 21:21:18', '2021-02-17 21:21:18', NULL),
(141, 28, 'Drake', 'Dallas', 'A', 72, 18, 26, 44, 93, 15, 23, 8, NULL, '2021-02-17 21:21:18', '2021-02-17 21:21:18', NULL),
(142, 24, 'Probert', 'Bob', 'A', 80, 14, 29, 43, 292, -9, 27, 8, 'bob-probert-1996-35.jpg', '2021-02-17 21:21:18', '2021-02-17 21:55:36', NULL),
(143, 5, 'Lidstrom', 'Nicklas', 'D', 84, 7, 34, 41, 28, 7, 22, 8, NULL, '2021-02-17 21:21:18', '2021-02-17 21:21:18', NULL),
(144, 33, 'Racine', 'Yves', 'D', 80, 9, 31, 40, 80, 10, 23, 8, NULL, '2021-02-17 21:21:18', '2021-02-17 21:21:18', NULL),
(145, 11, 'Burr', 'Shawn', 'A', 80, 10, 25, 35, 74, 18, 26, 8, NULL, '2021-02-17 21:21:18', '2021-02-17 21:21:18', NULL),
(146, 4, 'Howe', 'Mark', 'D', 60, 3, 31, 34, 22, 22, 37, 8, NULL, '2021-02-17 21:21:18', '2021-02-17 21:21:18', NULL),
(147, 55, 'Primeau', 'Keith', 'A', 73, 15, 17, 32, 152, -6, 20, 8, NULL, '2021-02-17 21:21:18', '2021-02-17 21:21:18', NULL),
(148, 15, 'Kennedy', 'Sheldon', 'A', 68, 19, 11, 30, 46, -1, 23, 8, NULL, '2021-02-17 21:21:18', '2021-02-17 21:21:18', NULL),
(149, 17, 'Gallant', 'Gerard', 'A', 67, 10, 20, 30, 188, 20, 28, 8, NULL, '2021-02-17 21:21:18', '2021-02-17 21:21:18', NULL),
(150, 16, 'Konstantinov', 'Vladimir', 'D', 82, 5, 17, 22, 137, 22, 25, 8, NULL, '2021-02-17 21:21:18', '2021-02-17 21:21:18', NULL),
(151, 23, 'Sillinger', 'Mike', 'A', 51, 4, 17, 21, 16, 0, 21, 8, NULL, '2021-02-17 21:21:18', '2021-02-17 21:21:18', NULL),
(152, 2, 'McCrimmon', 'Brad', 'D', 60, 1, 14, 15, 71, 21, 33, 8, NULL, '2021-02-17 21:21:18', '2021-02-17 21:21:18', NULL),
(153, 93, 'Gilmour', 'Doug', 'A', 83, 32, 95, 127, 100, 32, 29, 9, 'doug-gilmour-1996-38.jpg', '2021-02-17 21:21:18', '2021-02-17 21:56:26', NULL),
(154, 16, 'Borschevsky', 'Nikolai', 'A', 78, 34, 40, 74, 28, 33, 27, 9, NULL, '2021-02-17 21:21:18', '2021-02-17 21:21:18', NULL),
(155, 9, 'Anderson', 'Glenn', 'A', 76, 22, 43, 65, 117, 19, 31, 9, NULL, '2021-02-17 21:21:18', '2021-02-17 21:21:18', NULL),
(156, 23, 'Gill', 'Todd', 'D', 69, 11, 32, 43, 66, 4, 26, 9, NULL, '2021-02-17 21:21:18', '2021-02-17 21:21:18', NULL),
(157, 19, 'Cullen', 'John', 'A', 47, 13, 28, 41, 53, -8, 28, 9, NULL, '2021-02-17 21:21:18', '2021-02-17 21:21:18', NULL),
(158, 4, 'Ellett', 'Dave', 'D', 70, 6, 34, 40, 46, 19, 28, 9, NULL, '2021-02-17 21:21:18', '2021-02-17 21:21:18', NULL),
(159, 26, 'Krushelnyski', 'Mike', 'A', 84, 19, 20, 39, 62, 3, 32, 9, NULL, '2021-02-17 21:21:18', '2021-02-17 21:21:18', NULL),
(160, 17, 'Clark', 'Wendel', 'A', 66, 17, 22, 39, 193, 2, 25, 9, NULL, '2021-02-17 21:21:18', '2021-02-17 21:21:18', NULL),
(161, 12, 'Pearson', 'Rob', 'A', 78, 23, 14, 37, 211, -2, 21, 9, NULL, '2021-02-17 21:21:18', '2021-02-17 21:21:18', NULL),
(162, 25, 'Zezel', 'Peter', 'A', 70, 12, 23, 35, 24, 0, 27, 9, NULL, '2021-02-17 21:21:18', '2021-02-17 21:21:18', NULL),
(163, 15, 'Mironov', 'Dmitri', 'D', 59, 7, 24, 31, 40, -1, 26, 9, NULL, '2021-02-17 21:21:18', '2021-02-17 21:21:18', NULL),
(164, 21, 'Osborne', 'Mark', 'A', 76, 12, 14, 26, 89, -7, 31, 9, NULL, '2021-02-17 21:21:18', '2021-02-17 21:21:18', NULL),
(165, 55, 'Berehowsky', 'Drake', 'D', 41, 4, 15, 19, 61, 1, 20, 9, NULL, '2021-02-17 21:21:18', '2021-02-17 21:21:18', NULL),
(166, 34, 'Macoun', 'Jamie', 'D', 77, 4, 15, 19, 55, 3, 31, 9, NULL, '2021-02-17 21:21:18', '2021-02-17 21:21:18', NULL),
(167, 7, 'McLlwain', 'Dave', 'A', 66, 14, 4, 18, 30, -18, 25, 9, NULL, '2021-02-17 21:21:18', '2021-02-17 21:21:18', NULL),
(168, 71, 'Foligno', 'Mike', 'A', 55, 13, 5, 18, 84, 2, 33, 9, NULL, '2021-02-17 21:21:18', '2021-02-17 21:21:18', NULL),
(169, 10, 'Berg', 'Bill', 'A', 58, 7, 8, 15, 54, -1, 24, 9, NULL, '2021-02-17 21:21:18', '2021-02-17 21:21:18', NULL),
(170, 3, 'Rouse', 'Bob', 'D', 82, 3, 11, 14, 130, 7, 28, 9, NULL, '2021-02-17 21:21:18', '2021-02-17 21:21:18', NULL),
(171, 2, 'Lefebvre', 'Sylvain', 'D', 81, 2, 12, 14, 90, 8, 24, 9, NULL, '2021-02-17 21:21:19', '2021-02-17 21:21:19', NULL),
(172, 15, 'Janney', 'Craig', 'A', 84, 24, 82, 106, 12, -4, 24, 10, NULL, '2021-02-17 21:21:19', '2021-02-17 21:21:19', NULL),
(173, 16, 'Hull', 'Brett', 'A', 80, 54, 47, 101, 41, -27, 28, 10, 'brett-hull-1996-36.jpg', '2021-02-17 21:21:19', '2021-02-17 21:55:50', NULL),
(174, 19, 'Shanahan', 'Brendan', 'A', 71, 51, 43, 94, 174, 10, 23, 10, NULL, '2021-02-17 21:21:19', '2021-02-17 21:21:19', NULL),
(175, 21, 'Brown', 'Jeff', 'D', 71, 25, 53, 78, 58, -6, 26, 10, NULL, '2021-02-17 21:21:19', '2021-02-17 21:21:19', NULL),
(176, 7, 'Emerson', 'Nelson', 'A', 82, 22, 51, 73, 62, 2, 25, 10, NULL, '2021-02-17 21:21:19', '2021-02-17 21:21:19', NULL),
(177, 14, 'Miller', 'Kevin', 'A', 72, 24, 22, 46, 65, 6, 26, 10, NULL, '2021-02-17 21:21:19', '2021-02-17 21:21:19', NULL),
(178, 23, 'Sutter', 'Rich', 'A', 84, 13, 14, 27, 100, -4, 28, 10, NULL, '2021-02-17 21:21:19', '2021-02-17 21:21:19', NULL),
(179, 22, 'Sutter', 'Ron', 'A', 59, 12, 15, 27, 99, -11, 28, 10, NULL, '2021-02-17 21:21:19', '2021-02-17 21:21:19', NULL),
(180, 38, 'Korolev', 'Igor', 'A', 74, 4, 23, 27, 20, -1, 21, 10, NULL, '2021-02-17 21:21:19', '2021-02-17 21:21:19', NULL),
(181, 28, 'Bassen', 'Bob', 'A', 53, 9, 10, 19, 63, 0, 27, 10, NULL, '2021-02-17 21:21:19', '2021-02-17 21:21:19', NULL),
(182, 18, 'Wilson', 'Ron', 'A', 78, 8, 11, 19, 44, -8, 36, 10, NULL, '2021-02-17 21:21:19', '2021-02-17 21:21:19', NULL),
(183, 5, 'Butcher', 'Garth', 'D', 84, 5, 10, 15, 211, 0, 29, 10, NULL, '2021-02-17 21:21:19', '2021-02-17 21:21:19', NULL),
(184, 4, 'Zombo', 'Rick', 'D', 71, 0, 15, 15, 78, -2, 29, 10, NULL, '2021-02-17 21:21:19', '2021-02-17 21:21:19', NULL),
(185, 10, 'Lowry', 'Dave', 'A', 58, 5, 8, 13, 101, -18, 27, 10, NULL, '2021-02-17 21:21:19', '2021-02-17 21:21:19', NULL),
(186, 36, 'Bozon', 'Philippe', 'A', 54, 6, 6, 12, 55, -3, 25, 10, NULL, '2021-02-17 21:21:19', '2021-02-17 21:21:19', NULL),
(187, 33, 'Quintal', 'Stephane', 'D', 75, 1, 10, 11, 100, -6, 23, 10, NULL, '2021-02-17 21:21:19', '2021-02-17 21:21:19', NULL),
(188, 20, 'Norwood', 'Lee', 'D', 32, 3, 7, 10, 63, -5, 32, 10, NULL, '2021-02-17 21:21:19', '2021-02-17 21:21:19', NULL),
(189, 6, 'Crossman', 'Doug', 'D', 19, 2, 7, 9, 10, -3, 32, 10, NULL, '2021-02-17 21:21:19', '2021-02-17 21:21:19', NULL),
(190, 44, 'Hedican', 'Bret', 'D', 42, 0, 8, 8, 30, -2, 22, 10, NULL, '2021-02-17 21:21:19', '2021-02-17 21:21:19', NULL),
(191, 9, 'Modano', 'Mike', 'A', 82, 33, 60, 93, 83, -7, 22, 11, NULL, '2021-02-17 21:21:19', '2021-02-17 21:21:19', NULL),
(192, 26, 'Courtnall', 'Russ', 'A', 84, 36, 43, 79, 49, 1, 27, 11, NULL, '2021-02-17 21:21:19', '2021-02-17 21:21:19', NULL),
(193, 15, 'Gagner', 'Dave', 'A', 84, 33, 43, 76, 143, -13, 27, 11, NULL, '2021-02-17 21:21:19', '2021-02-17 21:21:19', NULL),
(194, 22, 'Dahlen', 'Ulf', 'A', 83, 35, 39, 74, 6, -20, 25, 11, NULL, '2021-02-17 21:21:19', '2021-02-17 21:21:19', NULL),
(195, 24, 'Tinordi', 'Mark', 'D', 69, 15, 27, 42, 157, -1, 26, 11, NULL, '2021-02-17 21:21:19', '2021-02-17 21:21:19', NULL),
(196, 17, 'McPhee', 'Mike', 'A', 84, 18, 22, 40, 44, -2, 32, 11, NULL, '2021-02-17 21:21:19', '2021-02-17 21:21:19', NULL),
(197, 20, 'Craig', 'Mike', 'A', 70, 15, 23, 38, 106, -11, 21, 11, NULL, '2021-02-17 21:21:19', '2021-02-17 21:21:19', NULL),
(198, 33, 'Sjodin', 'Tommy', 'D', 77, 7, 29, 36, 30, -25, 27, 11, NULL, '2021-02-17 21:21:19', '2021-02-17 21:21:19', NULL),
(199, 7, 'Broten', 'Neal', 'A', 82, 12, 21, 33, 22, 7, 32, 11, NULL, '2021-02-17 21:21:19', '2021-02-17 21:21:19', NULL),
(200, 10, 'Duchesne', 'Gaetan', 'A', 84, 16, 13, 29, 30, 6, 30, 11, NULL, '2021-02-17 21:21:19', '2021-02-17 21:21:19', NULL),
(201, 29, 'Klatt', 'Trent', 'A', 47, 4, 19, 23, 38, 2, 21, 11, NULL, '2021-02-17 21:21:19', '2021-02-17 21:21:19', NULL),
(202, 6, 'Johnson', 'Jim', 'D', 79, 3, 20, 23, 105, 9, 30, 11, NULL, '2021-02-17 21:21:19', '2021-02-17 21:21:19', NULL),
(203, 27, 'Churla', 'Shane', 'A', 73, 5, 16, 21, 286, -8, 27, 11, NULL, '2021-02-17 21:21:19', '2021-02-17 21:21:19', NULL),
(204, 2, 'Hatcher', 'Derian', 'D', 67, 4, 15, 19, 178, -27, 20, 11, NULL, '2021-02-17 21:21:19', '2021-02-17 21:21:19', NULL),
(205, 12, 'Gavin', 'Stewart', 'A', 63, 10, 8, 18, 59, -4, 32, 11, NULL, '2021-02-17 21:21:19', '2021-02-17 21:21:19', NULL),
(206, 18, 'Smith', 'Bobby', 'A', 45, 5, 7, 12, 10, -9, 34, 11, NULL, '2021-02-17 21:21:19', '2021-02-17 21:21:19', NULL),
(207, 3, 'Ludwig', 'Craig', 'D', 78, 1, 10, 11, 153, 1, 31, 11, NULL, '2021-02-17 21:21:19', '2021-02-17 21:21:19', NULL),
(208, 16, 'Propp', 'Brian', 'A', 17, 3, 3, 6, 0, -10, 33, 11, NULL, '2021-02-17 21:21:19', '2021-02-17 21:21:19', NULL),
(209, 4, 'Matvichuk', 'Richard', 'D', 53, 2, 3, 5, 26, -8, 19, 11, NULL, '2021-02-17 21:21:19', '2021-02-17 21:21:19', NULL),
(210, 19, 'Bradley', 'Brian', 'A', 80, 42, 44, 86, 92, -24, 27, 12, NULL, '2021-02-17 21:21:19', '2021-02-17 21:21:19', NULL),
(211, 14, 'Tucker', 'John', 'A', 78, 17, 39, 56, 69, -12, 27, 12, NULL, '2021-02-17 21:21:19', '2021-02-17 21:21:19', NULL),
(212, 16, 'Kontos', 'Chris', 'A', 66, 27, 24, 51, 12, -7, 28, 12, NULL, '2021-02-17 21:21:19', '2021-02-17 21:21:19', NULL),
(213, 7, 'Zamuner', 'Rob', 'A', 84, 15, 28, 43, 74, -25, 22, 12, NULL, '2021-02-17 21:21:19', '2021-02-17 21:21:19', NULL),
(214, 10, 'Creighton', 'Adam', 'A', 83, 19, 20, 39, 110, -19, 27, 12, NULL, '2021-02-17 21:21:19', '2021-02-17 21:21:19', NULL),
(215, 22, 'Chambers', 'Shawn', 'D', 55, 10, 29, 39, 36, -21, 25, 12, NULL, '2021-02-17 21:21:19', '2021-02-17 21:21:19', NULL),
(216, 2, 'Beers', 'Bob', 'D', 64, 12, 24, 36, 70, -25, 25, 12, NULL, '2021-02-17 21:21:19', '2021-02-17 21:21:19', NULL),
(217, 28, 'Bureau', 'Marc', 'A', 63, 10, 21, 31, 111, -12, 26, 12, NULL, '2021-02-17 21:21:19', '2021-02-17 21:21:19', NULL),
(218, 24, 'Andersson', 'Mikael', 'A', 77, 16, 11, 27, 14, -14, 26, 12, NULL, '2021-02-17 21:21:19', '2021-02-17 21:21:19', NULL),
(219, 24, 'Cole', 'Danton', 'A', 67, 12, 15, 27, 23, -2, 25, 12, NULL, '2021-02-17 21:21:19', '2021-02-17 21:21:19', NULL),
(220, 18, 'DiMaio', 'Rob', 'A', 54, 9, 15, 24, 62, 0, 24, 12, NULL, '2021-02-17 21:21:19', '2021-02-17 21:21:19', NULL),
(221, 44, 'Hamrlik', 'Roman', 'D', 67, 6, 15, 21, 71, -21, 18, 12, NULL, '2021-02-17 21:21:19', '2021-02-17 21:21:19', NULL),
(222, 37, 'Maltais', 'Steve', 'A', 63, 7, 13, 20, 35, -20, 23, 12, NULL, '2021-02-17 21:21:19', '2021-02-17 21:21:19', NULL),
(223, 5, 'Ramage', 'Rob', 'D', 66, 5, 12, 17, 138, -21, 33, 12, NULL, '2021-02-17 21:21:19', '2021-02-17 21:21:19', NULL),
(224, 25, 'Bergevin', 'Marc', 'D', 78, 2, 12, 14, 66, -16, 27, 12, NULL, '2021-02-17 21:21:19', '2021-02-17 21:21:19', NULL),
(225, 29, 'Reekie', 'Joe', 'D', 42, 2, 11, 13, 69, 2, 27, 12, NULL, '2021-02-17 21:21:19', '2021-02-17 21:21:19', NULL),
(226, 8, 'Hodge', 'Ken', 'A', 25, 2, 7, 9, 2, -6, 26, 12, NULL, '2021-02-17 21:21:19', '2021-02-17 21:21:19', NULL),
(227, 32, 'Taglianetti', 'Peter', 'D', 61, 1, 8, 9, 150, 8, 29, 12, NULL, '2021-02-17 21:21:19', '2021-02-17 21:21:19', NULL),
(228, 23, 'Hartman', 'Mike', 'A', 58, 4, 4, 8, 154, -7, 25, 12, NULL, '2021-02-17 21:21:19', '2021-02-17 21:21:19', NULL),
(229, 11, 'Kasper', 'Steve', 'A', 47, 3, 4, 7, 18, -13, 30, 12, NULL, '2021-02-17 21:21:19', '2021-02-17 21:21:19', NULL),
(230, 66, 'Lemieux', 'Mario', 'A', 60, 69, 91, 160, 38, 55, 26, 13, 'mario-lemieux-1996-50.jpg', '2021-02-17 21:21:19', '2021-02-17 21:57:19', NULL),
(231, 25, 'Stevens', 'Kevin', 'A', 72, 55, 56, 111, 177, 17, 27, 13, 'kevin-stevens-1996-32.jpg', '2021-02-17 21:21:19', '2021-02-17 21:56:53', NULL),
(232, 22, 'Tocchet', 'Rick', 'A', 80, 48, 61, 109, 252, 28, 28, 13, NULL, '2021-02-17 21:21:19', '2021-02-17 21:21:19', NULL),
(233, 10, 'Francis', 'Ron', 'A', 84, 24, 76, 100, 68, 6, 29, 13, 'ron-francis-1996-50.jpg', '2021-02-17 21:21:19', '2021-02-17 21:59:16', NULL),
(234, 68, 'Jagr', 'Jaromir', 'A', 81, 34, 60, 94, 61, 30, 20, 13, NULL, '2021-02-17 21:21:19', '2021-02-17 21:21:19', NULL),
(235, 55, 'Murphy', 'Larry', 'D', 83, 22, 63, 85, 73, 45, 31, 13, NULL, '2021-02-17 21:21:19', '2021-02-17 21:21:19', NULL),
(236, 7, 'Mullen', 'Joe', 'A', 72, 33, 37, 70, 14, 19, 35, 13, NULL, '2021-02-17 21:21:19', '2021-02-17 21:21:19', NULL),
(237, 15, 'McEachern', 'Shawn', 'A', 84, 28, 33, 61, 46, 21, 23, 13, NULL, '2021-02-17 21:21:19', '2021-02-17 21:21:19', NULL),
(238, 5, 'Samuelsson', 'Ulf', 'D', 77, 3, 26, 29, 249, 36, 28, 13, NULL, '2021-02-17 21:21:19', '2021-02-17 21:21:19', NULL),
(239, 14, 'Tippett', 'Dave', 'A', 74, 6, 19, 25, 56, 5, 31, 13, NULL, '2021-02-17 21:21:19', '2021-02-17 21:21:19', NULL),
(240, 24, 'Loney', 'Troy', 'A', 82, 5, 16, 21, 99, 1, 28, 13, NULL, '2021-02-17 21:21:19', '2021-02-17 21:21:19', NULL),
(241, 2, 'Paek', 'Jim', 'D', 77, 3, 15, 18, 64, 13, 25, 13, NULL, '2021-02-17 21:21:19', '2021-02-17 21:21:19', NULL),
(242, 23, 'Stanton', 'Paul', 'D', 77, 4, 12, 16, 97, 7, 25, 13, NULL, '2021-02-17 21:21:19', '2021-02-17 21:21:19', NULL),
(243, 82, 'Straka', 'Martin', 'A', 42, 3, 13, 16, 29, 2, 19, 13, NULL, '2021-02-17 21:21:19', '2021-02-17 21:21:19', NULL),
(244, 12, 'Errey', 'Bob', 'A', 54, 8, 6, 14, 76, -2, 27, 13, NULL, '2021-02-17 21:21:19', '2021-02-17 21:21:19', NULL),
(245, 39, 'Needham', 'Mike', 'A', 56, 8, 5, 13, 14, -1, 22, 13, NULL, '2021-02-17 21:21:19', '2021-02-17 21:21:19', NULL),
(246, 26, 'Stapleton', 'Mike', 'A', 78, 4, 9, 13, 10, -8, 26, 13, NULL, '2021-02-17 21:21:19', '2021-02-17 21:21:19', NULL),
(247, 20, 'Daniels', 'Jeff', 'A', 58, 5, 4, 9, 14, -5, 24, 13, NULL, '2021-02-17 21:21:19', '2021-02-17 21:21:19', NULL),
(248, 28, 'Samuelsson', 'Kjell', 'D', 63, 3, 6, 9, 106, 25, 33, 13, NULL, '2021-02-17 21:21:19', '2021-02-17 21:21:19', NULL),
(249, 12, 'Bondra', 'Peter', 'A', 83, 37, 48, 85, 70, 8, 24, 14, NULL, '2021-02-17 21:21:19', '2021-02-17 21:21:19', NULL),
(250, 17, 'Ridley', 'Mike', 'A', 84, 26, 56, 82, 44, 5, 29, 14, NULL, '2021-02-17 21:21:19', '2021-02-17 21:21:19', NULL),
(251, 4, 'Hatcher', 'Kevin', 'D', 83, 34, 45, 79, 114, -7, 25, 14, NULL, '2021-02-17 21:21:20', '2021-02-17 21:21:20', NULL),
(252, 32, 'Hunter', 'Dale', 'A', 84, 20, 59, 79, 198, 3, 32, 14, NULL, '2021-02-17 21:21:20', '2021-02-17 21:21:20', NULL),
(253, 20, 'Pivonka', 'Michal', 'A', 69, 21, 53, 74, 66, 14, 26, 14, NULL, '2021-02-17 21:21:20', '2021-02-17 21:21:20', NULL),
(254, 8, 'Khristich', 'Dmitri', 'A', 64, 31, 35, 66, 28, 29, 23, 14, NULL, '2021-02-17 21:21:20', '2021-02-17 21:21:20', NULL),
(255, 34, 'Iafrate', 'Al', 'D', 81, 25, 41, 66, 169, 15, 26, 14, NULL, '2021-02-17 21:21:20', '2021-02-17 21:21:20', NULL),
(256, 19, 'Elynuik', 'Pat', 'A', 80, 22, 35, 57, 66, 3, 24, 14, NULL, '2021-02-17 21:21:20', '2021-02-17 21:21:20', NULL),
(257, 3, 'Cote', 'Sylvain', 'D', 77, 21, 29, 50, 34, 28, 26, 14, NULL, '2021-02-17 21:21:20', '2021-02-17 21:21:20', NULL),
(258, 10, 'Miller', 'Kelly', 'A', 84, 18, 27, 45, 32, -2, 29, 14, NULL, '2021-02-17 21:21:20', '2021-02-17 21:21:20', NULL),
(259, 6, 'Johansson', 'Calle', 'D', 77, 7, 38, 45, 56, 3, 25, 14, NULL, '2021-02-17 21:21:20', '2021-02-17 21:21:20', NULL),
(260, 11, 'Carpenter', 'Bobby', 'A', 68, 11, 17, 28, 65, -16, 29, 14, NULL, '2021-02-17 21:21:20', '2021-02-17 21:21:20', NULL),
(261, 26, 'Jones', 'Keith', 'A', 71, 12, 14, 26, 124, 18, 23, 14, NULL, '2021-02-17 21:21:20', '2021-02-17 21:21:20', NULL),
(262, 21, 'Krygier', 'Todd', 'D', 77, 11, 12, 23, 60, -13, 26, 14, NULL, '2021-02-17 21:21:20', '2021-02-17 21:21:20', NULL),
(263, 23, 'MacDermid', 'Paul', 'A', 72, 9, 8, 17, 80, -13, 29, 14, NULL, '2021-02-17 21:21:20', '2021-02-17 21:21:20', NULL),
(264, 16, 'May', 'Alan', 'A', 83, 6, 10, 16, 268, 1, 27, 14, NULL, '2021-02-17 21:21:20', '2021-02-17 21:21:20', NULL),
(265, 14, 'Cavallini', 'Paul', 'D', 71, 5, 8, 13, 46, 3, 26, 14, NULL, '2021-02-17 21:21:20', '2021-02-17 21:21:20', NULL),
(266, 22, 'Konowalchuk', 'Steve', 'A', 36, 4, 7, 11, 16, 4, 19, 14, NULL, '2021-02-17 21:21:20', '2021-02-17 21:21:20', NULL),
(267, 36, 'Anderson', 'Shawn', 'D', 60, 2, 6, 8, 18, -2, 24, 14, NULL, '2021-02-17 21:21:20', '2021-02-17 21:21:20', NULL),
(268, 22, 'Lemieux', 'Claude', 'A', 77, 30, 51, 81, 155, 3, 27, 15, NULL, '2021-02-17 21:21:20', '2021-02-17 21:21:20', NULL),
(269, 20, 'Semak', 'Alexander', 'A', 82, 37, 42, 79, 70, 24, 26, 15, NULL, '2021-02-17 21:21:20', '2021-02-17 21:21:20', NULL),
(270, 44, 'Richer', 'Stephane', 'A', 78, 38, 35, 73, 44, -1, 26, 15, NULL, '2021-02-17 21:21:20', '2021-02-17 21:21:20', NULL),
(271, 25, 'Zelepukin', 'Valeri', 'A', 78, 23, 41, 64, 70, 19, 23, 15, NULL, '2021-02-17 21:21:20', '2021-02-17 21:21:20', NULL),
(272, 4, 'Stevens', 'Scott', 'D', 81, 12, 45, 57, 120, 14, 28, 15, NULL, '2021-02-17 21:21:20', '2021-02-17 21:21:20', NULL),
(273, 23, 'Driver', 'Bruce', 'D', 83, 14, 40, 54, 66, -10, 30, 15, NULL, '2021-02-17 21:21:20', '2021-02-17 21:21:20', NULL),
(274, 15, 'MacLean', 'John', 'A', 80, 24, 24, 48, 102, -6, 27, 15, NULL, '2021-02-17 21:21:20', '2021-02-17 21:21:20', NULL),
(275, 26, 'Stastny', 'Peter', 'A', 62, 17, 23, 40, 22, -5, 35, 15, NULL, '2021-02-17 21:21:20', '2021-02-17 21:21:20', NULL),
(276, 27, 'Niedermayer', 'Scott', 'D', 80, 11, 29, 40, 47, 8, 19, 15, NULL, '2021-02-17 21:21:20', '2021-02-17 21:21:20', NULL),
(277, 16, 'Holik', 'Bobby', 'A', 61, 20, 19, 39, 76, -6, 21, 15, NULL, '2021-02-17 21:21:20', '2021-02-17 21:21:20', NULL),
(278, 12, 'Guerin', 'Bill', 'A', 65, 14, 20, 34, 63, 14, 21, 15, NULL, '2021-02-17 21:21:20', '2021-02-17 21:21:20', NULL),
(279, 2, 'Fetisov', 'Viacheslav', 'D', 76, 4, 23, 27, 158, 7, 34, 15, NULL, '2021-02-17 21:21:20', '2021-02-17 21:21:20', NULL),
(280, 21, 'McKay', 'Randy', 'A', 73, 11, 11, 22, 206, 0, 25, 15, NULL, '2021-02-17 21:21:20', '2021-02-17 21:21:20', NULL),
(281, 18, 'Pellerin', 'Scott', 'A', 45, 10, 11, 21, 41, -1, 22, 15, NULL, '2021-02-17 21:21:20', '2021-02-17 21:21:20', NULL),
(282, 9, 'Chorske', 'Tom', 'A', 50, 7, 12, 19, 25, -1, 25, 15, NULL, '2021-02-17 21:21:20', '2021-02-17 21:21:20', NULL),
(283, 7, 'Kasatonov', 'Alexei', 'D', 64, 3, 14, 17, 57, 4, 32, 15, NULL, '2021-02-17 21:21:20', '2021-02-17 21:21:20', NULL),
(284, 11, 'Barr', 'Dave', 'A', 62, 6, 8, 14, 61, 1, 31, 15, NULL, '2021-02-17 21:21:20', '2021-02-17 21:21:20', NULL),
(285, 34, 'Ojanen', 'Janne', 'A', 31, 4, 9, 13, 14, -2, 24, 15, NULL, '2021-02-17 21:21:20', '2021-02-17 21:21:20', NULL),
(286, 3, 'Daneyko', 'Ken', 'D', 84, 2, 11, 13, 236, 4, 30, 15, NULL, '2021-02-17 21:21:20', '2021-02-17 21:21:20', NULL),
(287, 77, 'Turgeon', 'Pierre', 'A', 83, 58, 74, 132, 26, -1, 23, 16, 'pierre-turgeon-1996-45.jpg', '2021-02-17 21:21:20', '2021-02-17 21:59:07', NULL),
(288, 32, 'Thomas', 'Steve', 'A', 79, 37, 50, 87, 111, 3, 29, 16, NULL, '2021-02-17 21:21:20', '2021-02-17 21:21:20', NULL),
(289, 27, 'King', 'Derek', 'A', 77, 38, 38, 76, 47, -4, 25, 16, NULL, '2021-02-17 21:21:20', '2021-02-17 21:21:20', NULL),
(290, 33, 'Hogue', 'Benoit', 'A', 70, 33, 42, 75, 108, 13, 25, 16, NULL, '2021-02-17 21:21:20', '2021-02-17 21:21:20', NULL),
(291, 26, 'Flatley', 'Patrick', 'A', 80, 13, 47, 60, 63, 5, 28, 16, NULL, '2021-02-17 21:21:20', '2021-02-17 21:21:20', NULL),
(292, 23, 'Malakhov', 'Vladimir', 'D', 64, 14, 38, 52, 59, 14, 24, 16, NULL, '2021-02-17 21:21:20', '2021-02-17 21:21:20', NULL),
(293, 8, 'Norton', 'Jeff', 'D', 66, 12, 38, 50, 45, -3, 26, 16, NULL, '2021-02-17 21:21:20', '2021-02-17 21:21:20', NULL),
(294, 4, 'Krupp', 'Uwe', 'D', 80, 9, 29, 38, 67, 6, 27, 16, NULL, '2021-02-17 21:21:20', '2021-02-17 21:21:20', NULL),
(295, 28, 'Kurvers', 'Tom', 'D', 52, 8, 30, 38, 38, 9, 29, 16, NULL, '2021-02-17 21:21:20', '2021-02-17 21:21:20', NULL),
(296, 16, 'Mullen', 'Brian', 'A', 81, 18, 14, 32, 28, 5, 30, 16, NULL, '2021-02-17 21:21:20', '2021-02-17 21:21:20', NULL),
(297, 15, 'Dalgarno', 'Brad', 'A', 57, 15, 17, 32, 62, 17, 25, 16, NULL, '2021-02-17 21:21:20', '2021-02-17 21:21:20', NULL),
(298, 18, 'McInnis', 'Marty', 'A', 56, 10, 20, 30, 24, 7, 22, 16, NULL, '2021-02-17 21:21:20', '2021-02-17 21:21:20', NULL),
(299, 20, 'Ferraro', 'Ray', 'A', 46, 14, 13, 27, 40, 0, 28, 16, NULL, '2021-02-17 21:21:20', '2021-02-17 21:21:20', NULL),
(300, 14, 'Fitzgerald', 'Tom', 'A', 77, 9, 18, 27, 34, -2, 24, 16, NULL, '2021-02-17 21:21:20', '2021-02-17 21:21:20', NULL),
(301, 39, 'Green', 'Travis', 'A', 61, 7, 18, 25, 43, 4, 21, 16, NULL, '2021-02-17 21:21:20', '2021-02-17 21:21:20', NULL),
(302, 7, 'Lachance', 'Scott', 'D', 75, 7, 17, 24, 67, -1, 19, 16, NULL, '2021-02-17 21:21:20', '2021-02-17 21:21:20', NULL),
(303, 25, 'Volek', 'David', 'A', 56, 8, 13, 21, 34, -1, 26, 16, NULL, '2021-02-17 21:21:20', '2021-02-17 21:21:20', NULL),
(304, 11, 'Kasparaitis', 'Darius', 'D', 79, 4, 17, 21, 166, 15, 19, 16, NULL, '2021-02-17 21:21:20', '2021-02-17 21:21:20', NULL),
(305, 8, 'Recchi', 'Mark', 'A', 84, 53, 70, 123, 95, 1, 24, 17, 'mark-recchi-2008-50.jpg', '2021-02-17 21:21:20', '2021-02-17 21:57:33', NULL),
(306, 17, 'Brind\'Amour', 'Rod', 'A', 81, 37, 49, 86, 89, -8, 22, 17, NULL, '2021-02-17 21:21:20', '2021-02-17 21:21:20', NULL),
(307, 88, 'Lindros', 'Eric', 'A', 61, 41, 34, 75, 147, 28, 19, 17, NULL, '2021-02-17 21:21:20', '2021-02-17 21:21:20', NULL),
(308, 11, 'Dineen', 'Kevin', 'A', 83, 35, 28, 63, 201, 14, 28, 17, NULL, '2021-02-17 21:21:20', '2021-02-17 21:21:20', NULL),
(309, 3, 'Galley', 'Garry', 'D', 83, 13, 49, 62, 115, 18, 29, 17, NULL, '2021-02-17 21:21:20', '2021-02-17 21:21:20', NULL),
(310, 18, 'Fedyk', 'Brent', 'A', 74, 21, 38, 59, 48, 14, 25, 17, NULL, '2021-02-17 21:21:20', '2021-02-17 21:21:20', NULL),
(311, 9, 'Eklund', 'Pelle', 'A', 55, 11, 38, 49, 16, 12, 29, 17, NULL, '2021-02-17 21:21:20', '2021-02-17 21:21:20', NULL),
(312, 2, 'Yushkevich', 'Dmitri', 'D', 82, 5, 27, 32, 71, 12, 20, 17, NULL, '2021-02-17 21:21:20', '2021-02-17 21:21:20', NULL),
(313, 20, 'Hawgood', 'Greg', 'D', 40, 6, 22, 28, 39, -7, 24, 17, NULL, '2021-02-17 21:21:20', '2021-02-17 21:21:20', NULL),
(314, 42, 'Beranek', 'Josef', 'A', 40, 13, 12, 25, 50, -1, 22, 17, NULL, '2021-02-17 21:21:20', '2021-02-17 21:21:20', NULL),
(315, 25, 'Acton', 'Keith', 'A', 83, 8, 15, 23, 51, -10, 34, 17, NULL, '2021-02-17 21:21:20', '2021-02-17 21:21:20', NULL),
(316, 15, 'Evans', 'Doug', 'A', 65, 8, 13, 21, 70, -9, 29, 17, NULL, '2021-02-17 21:21:20', '2021-02-17 21:21:20', NULL),
(317, 23, 'Lomakin', 'Andrei', 'A', 51, 8, 12, 20, 34, 15, 28, 17, NULL, '2021-02-17 21:21:20', '2021-02-17 21:21:20', NULL),
(318, 29, 'Carkner', 'Terry', 'D', 83, 3, 16, 19, 150, 18, 26, 17, NULL, '2021-02-17 21:21:20', '2021-02-17 21:21:20', NULL),
(319, 5, 'Nattress', 'Ric', 'D', 44, 7, 10, 17, 29, 1, 30, 17, NULL, '2021-02-17 21:21:20', '2021-02-17 21:21:20', NULL),
(320, 22, 'Butsayev', 'Vyacheslav', 'A', 52, 2, 14, 16, 61, 3, 22, 17, NULL, '2021-02-17 21:21:20', '2021-02-17 21:21:20', NULL),
(321, 27, 'McGill', 'Ryan', 'D', 72, 3, 10, 13, 238, 9, 23, 17, NULL, '2021-02-17 21:21:20', '2021-02-17 21:21:20', NULL),
(322, 11, 'Messier', 'Mark', 'A', 75, 25, 66, 91, 72, -6, 31, 18, NULL, '2021-02-17 21:21:20', '2021-02-17 21:21:20', NULL),
(323, 33, 'Amonte', 'Tony', 'A', 83, 33, 43, 76, 49, 0, 22, 18, NULL, '2021-02-17 21:21:20', '2021-02-17 21:21:20', NULL),
(324, 22, 'Gartner', 'Mike', 'A', 84, 45, 23, 68, 59, -4, 32, 18, NULL, '2021-02-17 21:21:20', '2021-02-17 21:21:20', NULL),
(325, 9, 'Graves', 'Adam', 'A', 84, 36, 29, 65, 148, -4, 24, 18, NULL, '2021-02-17 21:21:20', '2021-02-17 21:21:20', NULL),
(326, 13, 'Nemchinov', 'Sergei', 'A', 81, 23, 31, 54, 34, 15, 28, 18, NULL, '2021-02-17 21:21:20', '2021-02-17 21:21:20', NULL),
(327, 8, 'Turcotte', 'Darren', 'A', 71, 25, 28, 53, 40, -3, 24, 18, NULL, '2021-02-17 21:21:20', '2021-02-17 21:21:20', NULL),
(328, 39, 'Weight', 'Doug', 'A', 65, 15, 25, 40, 55, 4, 21, 18, NULL, '2021-02-17 21:21:20', '2021-02-17 21:21:20', NULL),
(329, 27, 'Kovalev', 'Alexei', 'A', 65, 20, 18, 38, 79, -10, 19, 18, NULL, '2021-02-17 21:21:20', '2021-02-17 21:21:20', NULL),
(330, 2, 'Leetch', 'Brian', 'D', 36, 6, 30, 36, 26, 2, 24, 18, NULL, '2021-02-17 21:21:20', '2021-02-17 21:21:20', NULL),
(331, 21, 'Zubov', 'Sergei', 'D', 49, 8, 23, 31, 4, -1, 22, 18, NULL, '2021-02-17 21:21:20', '2021-02-17 21:21:20', NULL),
(332, 12, 'Olczyk', 'Ed', 'A', 46, 13, 16, 29, 26, 9, 26, 18, NULL, '2021-02-17 21:21:20', '2021-02-17 21:21:20', NULL),
(333, 3, 'Patrick', 'James', 'D', 60, 5, 21, 26, 61, 1, 29, 18, NULL, '2021-02-17 21:21:20', '2021-02-17 21:21:20', NULL),
(334, 29, 'Bourque', 'Phil', 'D', 55, 6, 14, 20, 39, -9, 30, 18, NULL, '2021-02-17 21:21:20', '2021-02-17 21:21:20', NULL),
(335, 23, 'Beukeboom', 'Jeff', 'D', 82, 2, 17, 19, 153, 9, 27, 18, NULL, '2021-02-17 21:21:20', '2021-02-17 21:21:20', NULL),
(336, 20, 'Erixon', 'Jan', 'A', 45, 5, 11, 16, 10, 11, 30, 18, NULL, '2021-02-17 21:21:20', '2021-02-17 21:21:20', NULL),
(337, 5, 'Andersson', 'Peter', 'D', 31, 4, 11, 15, 18, 4, 27, 18, NULL, '2021-02-17 21:21:20', '2021-02-17 21:21:20', NULL),
(338, 4, 'Lowe', 'Kevin', 'D', 49, 3, 12, 15, 58, -2, 33, 18, NULL, '2021-02-17 21:21:20', '2021-02-17 21:21:20', NULL),
(339, 37, 'Broten', 'Paul', 'A', 60, 5, 9, 14, 48, -6, 26, 18, NULL, '2021-02-17 21:21:20', '2021-02-17 21:21:20', NULL),
(340, 25, 'King', 'Steven', 'A', 24, 7, 5, 12, 16, 4, 23, 18, NULL, '2021-02-17 21:21:20', '2021-02-17 21:21:20', NULL),
(341, 10, 'Bure', 'Pavel', 'A', 83, 60, 50, 110, 69, 35, 21, 19, 'pavel-bure-1996-39.jpg', '2021-02-17 21:21:20', '2021-02-17 21:58:47', NULL),
(342, 7, 'Ronning', 'Cliff', 'A', 79, 29, 56, 85, 30, 19, 26, 19, NULL, '2021-02-17 21:21:20', '2021-02-17 21:21:20', NULL),
(343, 14, 'Courtnall', 'Geoff', 'A', 84, 31, 46, 77, 167, 27, 30, 19, NULL, '2021-02-17 21:21:20', '2021-02-17 21:21:20', NULL),
(344, 16, 'Linden', 'Trevor', 'A', 84, 33, 39, 72, 64, 19, 22, 19, NULL, '2021-02-17 21:21:20', '2021-02-17 21:21:20', NULL),
(345, 19, 'Nedved', 'Petr', 'A', 84, 38, 33, 71, 96, 20, 20, 19, NULL, '2021-02-17 21:21:20', '2021-02-17 21:21:20', NULL),
(346, 8, 'Adams', 'Greg', 'A', 53, 25, 31, 56, 14, 31, 29, 19, NULL, '2021-02-17 21:21:20', '2021-02-17 21:21:20', NULL),
(347, 17, 'Ward', 'Dixon', 'A', 70, 22, 30, 52, 82, 34, 23, 19, NULL, '2021-02-17 21:21:20', '2021-02-17 21:21:20', NULL),
(348, 20, 'Semenov', 'Anatoli', 'A', 62, 10, 34, 44, 28, 21, 30, 19, NULL, '2021-02-17 21:21:20', '2021-02-17 21:21:20', NULL),
(349, 21, 'Lumme', 'Jyrki', 'D', 74, 8, 36, 44, 55, 30, 26, 19, NULL, '2021-02-17 21:21:20', '2021-02-17 21:21:20', NULL),
(350, 27, 'Momesso', 'Sergio', 'A', 84, 18, 20, 38, 200, 11, 26, 19, NULL, '2021-02-17 21:21:20', '2021-02-17 21:21:20', NULL),
(351, 25, 'Sandlak', 'Jim', 'A', 59, 10, 18, 28, 122, 2, 25, 19, NULL, '2021-02-17 21:21:20', '2021-02-17 21:21:20', NULL),
(352, 6, 'Plavsic', 'Adrien', 'D', 57, 6, 21, 27, 53, 28, 22, 19, NULL, '2021-02-17 21:21:20', '2021-02-17 21:21:20', NULL),
(353, 24, 'Slegr', 'Jiri', 'D', 41, 4, 22, 26, 109, 16, 21, 19, NULL, '2021-02-17 21:21:20', '2021-02-17 21:21:20', NULL),
(354, 3, 'Lidster', 'Doug', 'D', 71, 6, 19, 25, 36, 9, 31, 19, NULL, '2021-02-17 21:21:20', '2021-02-17 21:21:20', NULL),
(355, 4, 'Diduck', 'Gerald', 'D', 80, 6, 14, 20, 171, 32, 27, 19, NULL, '2021-02-17 21:21:20', '2021-02-17 21:21:20', NULL),
(356, 44, 'Babych', 'Dave', 'D', 43, 3, 16, 19, 44, 6, 31, 19, NULL, '2021-02-17 21:21:20', '2021-02-17 21:21:20', NULL),
(357, 29, 'Odjick', 'Gino', 'A', 75, 4, 13, 17, 370, 3, 21, 19, 'gino-odjick-1996-39.jpg', '2021-02-17 21:21:20', '2021-02-17 21:56:40', NULL),
(358, 5, 'Murzyn', 'Dana', 'D', 79, 5, 11, 16, 196, 34, 25, 19, NULL, '2021-02-17 21:21:20', '2021-02-17 21:21:20', NULL),
(359, 14, 'Fleury', 'Theoren', 'A', 83, 34, 66, 100, 88, 14, 24, 20, NULL, '2021-02-17 21:21:20', '2021-02-17 21:21:20', NULL),
(360, 26, 'Reichel', 'Robert', 'A', 80, 40, 48, 88, 54, 25, 21, 20, NULL, '2021-02-17 21:21:20', '2021-02-17 21:21:20', NULL),
(361, 20, 'Suter', 'Gary', 'D', 81, 23, 58, 81, 112, -1, 28, 20, NULL, '2021-02-17 21:21:20', '2021-02-17 21:21:20', NULL),
(362, 10, 'Roberts', 'Gary', 'A', 58, 38, 41, 79, 172, 32, 26, 20, NULL, '2021-02-17 21:21:20', '2021-02-17 21:21:20', NULL),
(363, 25, 'Nieuwendyk', 'Joe', 'A', 79, 38, 37, 75, 52, 9, 25, 20, NULL, '2021-02-17 21:21:20', '2021-02-17 21:21:20', NULL),
(364, 42, 'Makarov', 'Sergei', 'A', 71, 18, 39, 57, 40, 0, 34, 20, NULL, '2021-02-17 21:21:20', '2021-02-17 21:21:20', NULL),
(365, 2, 'MacInnis', 'Al', 'D', 50, 11, 43, 54, 61, 15, 29, 20, NULL, '2021-02-17 21:21:20', '2021-02-17 21:21:20', NULL),
(366, 29, 'Otto', 'Joel', 'A', 75, 19, 33, 52, 150, 2, 30, 20, NULL, '2021-02-17 21:21:20', '2021-02-17 21:21:20', NULL),
(367, 28, 'Ranheim', 'Paul', 'A', 83, 21, 22, 43, 26, -4, 26, 20, NULL, '2021-02-17 21:21:20', '2021-02-17 21:21:20', NULL),
(368, 22, 'Stern', 'Ronnie', 'A', 70, 10, 15, 25, 207, 4, 25, 20, NULL, '2021-02-17 21:21:20', '2021-02-17 21:21:20', NULL),
(369, 11, 'Lindberg', 'Chris', 'A', 62, 9, 12, 21, 18, -3, 25, 20, NULL, '2021-02-17 21:21:20', '2021-02-17 21:21:20', NULL),
(370, 34, 'Johansson', 'Roger', 'D', 77, 4, 16, 20, 62, 13, 25, 20, NULL, '2021-02-17 21:21:20', '2021-02-17 21:21:20', NULL),
(371, 15, 'Ashton', 'Brent', 'A', 32, 8, 11, 19, 41, 11, 32, 20, NULL, '2021-02-17 21:21:20', '2021-02-17 21:21:20', NULL),
(372, 18, 'Yawney', 'Trent', 'D', 63, 1, 16, 17, 67, 9, 26, 20, NULL, '2021-02-17 21:21:21', '2021-02-17 21:21:21', NULL),
(373, 3, 'Musil', 'Frank', 'D', 80, 6, 10, 16, 131, 28, 27, 20, NULL, '2021-02-17 21:21:21', '2021-02-17 21:21:21', NULL),
(374, 11, 'Leeman', 'Gary', 'A', 30, 9, 5, 14, 10, 5, 28, 20, NULL, '2021-02-17 21:21:21', '2021-02-17 21:21:21', NULL),
(375, 16, 'Berube', 'Craig', 'A', 77, 4, 8, 12, 209, -6, 26, 20, NULL, '2021-02-17 21:21:21', '2021-02-17 21:21:21', NULL),
(376, 20, 'Robitaille', 'Luc', 'A', 84, 63, 62, 125, 100, 18, 26, 21, 'luc-robitaille-1996-48.jpg', '2021-02-17 21:21:21', '2021-02-17 21:57:05', NULL),
(377, 17, 'Kurri', 'Jari', 'A', 82, 27, 60, 87, 38, 19, 32, 21, NULL, '2021-02-17 21:21:21', '2021-02-17 21:21:21', NULL),
(378, 21, 'Granato', 'Tony', 'A', 81, 37, 45, 82, 171, -1, 28, 21, NULL, '2021-02-17 21:21:21', '2021-02-17 21:21:21', NULL),
(379, 11, 'Donnelly', 'Mike', 'A', 84, 29, 40, 69, 45, 17, 28, 21, NULL, '2021-02-17 21:21:21', '2021-02-17 21:21:21', NULL),
(380, 99, 'Gretzky', 'Wayne', 'A', 45, 16, 49, 65, 6, 6, 31, 21, NULL, '2021-02-17 21:21:21', '2021-02-17 21:21:21', NULL),
(381, 4, 'Blake', 'Rob', 'D', 76, 16, 43, 59, 152, 18, 22, 21, NULL, '2021-02-17 21:21:21', '2021-02-17 21:21:21', NULL),
(382, 77, 'Coffey', 'Paul', 'D', 50, 8, 49, 57, 50, 9, 31, 21, 'paul-coffey-1996-34.jpg', '2021-02-17 21:21:21', '2021-02-17 21:58:34', NULL),
(383, 7, 'Sandstrom', 'Tomas', 'A', 39, 25, 27, 52, 57, 12, 27, 21, NULL, '2021-02-17 21:21:21', '2021-02-17 21:21:21', NULL),
(384, 2, 'Zhitnik', 'Alexei', 'D', 78, 12, 36, 48, 80, -3, 19, 21, NULL, '2021-02-17 21:21:21', '2021-02-17 21:21:21', NULL),
(385, 33, 'McSorley', 'Marty', 'D', 81, 15, 26, 41, 399, 1, 29, 21, 'marty-mcsorley-1996-40.jpg', '2021-02-17 21:21:21', '2021-02-17 21:57:44', NULL),
(386, 23, 'Millen', 'Corey', 'A', 42, 23, 16, 39, 42, 16, 28, 21, NULL, '2021-02-17 21:21:21', '2021-02-17 21:21:21', NULL),
(387, 25, 'Sydor', 'Darryl', 'D', 80, 6, 23, 29, 63, -2, 20, 21, NULL, '2021-02-17 21:21:21', '2021-02-17 21:21:21', NULL),
(388, 22, 'Huddy', 'Charlie', 'D', 82, 2, 25, 27, 64, 16, 33, 21, NULL, '2021-02-17 21:21:21', '2021-02-17 21:21:21', NULL),
(389, 29, 'Loach', 'Lonnie', 'A', 50, 10, 13, 23, 27, 3, 24, 21, NULL, '2021-02-17 21:21:21', '2021-02-17 21:21:21', NULL),
(390, 15, 'Conacher', 'Pat', 'A', 81, 9, 8, 17, 20, -16, 33, 21, NULL, '2021-02-17 21:21:21', '2021-02-17 21:21:21', NULL),
(391, 18, 'Taylor', 'Dave', 'A', 48, 6, 9, 15, 49, 1, 36, 21, NULL, '2021-02-17 21:21:21', '2021-02-17 21:21:21', NULL),
(392, 10, 'Rychel', 'Warren', 'A', 70, 6, 7, 13, 314, -15, 25, 21, NULL, '2021-02-17 21:21:21', '2021-02-17 21:21:21', NULL),
(393, 13, 'Selanne', 'Teemu', 'A', 84, 76, 56, 132, 45, 8, 22, 22, 'teemu-selanne-2014-4312.jpg', '2021-02-17 21:21:21', '2021-02-17 21:59:35', NULL),
(394, 6, 'Housley', 'Phil', 'D', 80, 18, 79, 97, 52, -14, 28, 22, 'phil-housley-1996-43.jpg', '2021-02-17 21:21:21', '2021-02-17 21:58:57', NULL),
(395, 10, 'Zhamnov', 'Alexei', 'A', 68, 25, 47, 72, 58, 7, 21, 22, NULL, '2021-02-17 21:21:21', '2021-02-17 21:21:21', NULL),
(396, 25, 'Steen', 'Thomas', 'A', 80, 22, 50, 72, 75, -8, 32, 22, NULL, '2021-02-17 21:21:21', '2021-02-17 21:21:21', NULL),
(397, 34, 'Shannon', 'Darrin', 'A', 84, 20, 40, 60, 91, -4, 22, 22, NULL, '2021-02-17 21:21:21', '2021-02-17 21:21:21', NULL),
(398, 4, 'Olausson', 'Fredrik', 'D', 68, 16, 41, 57, 22, -4, 25, 22, NULL, '2021-02-17 21:21:21', '2021-02-17 21:21:21', NULL),
(399, 7, 'Tkachuk', 'Keith', 'A', 83, 28, 23, 51, 201, -13, 20, 22, NULL, '2021-02-17 21:21:21', '2021-02-17 21:21:21', NULL),
(400, 11, 'Davydov', 'Evgeny', 'A', 79, 28, 21, 49, 66, -2, 25, 22, NULL, '2021-02-17 21:21:21', '2021-02-17 21:21:21', NULL),
(401, 27, 'Numminen', 'Teppo', 'D', 66, 7, 30, 37, 33, 4, 24, 22, NULL, '2021-02-17 21:21:21', '2021-02-17 21:21:21', NULL),
(402, 38, 'Borsato', 'Luciano', 'A', 67, 15, 20, 35, 38, -1, 26, 22, NULL, '2021-02-17 21:21:21', '2021-02-17 21:21:21', NULL),
(403, 36, 'Eagles', 'Mike', 'A', 84, 8, 18, 26, 131, -1, 29, 22, NULL, '2021-02-17 21:21:21', '2021-02-17 21:21:21', NULL);
INSERT INTO `players` (`id`, `numero`, `nom`, `prenom`, `position`, `pj`, `b`, `a`, `pts`, `min_pun`, `plus_et_moins`, `age`, `team_id`, `photo`, `created_at`, `updated_at`, `deleted_at`) VALUES
(404, 3, 'Bautin', 'Sergei', 'D', 71, 5, 18, 23, 96, -2, 25, 22, NULL, '2021-02-17 21:21:21', '2021-02-17 21:21:21', NULL),
(405, 14, 'Barnes', 'Stu', 'A', 38, 12, 10, 22, 10, -3, 21, 22, NULL, '2021-02-17 21:21:21', '2021-02-17 21:21:21', NULL),
(406, 15, 'Druce', 'John', 'A', 50, 6, 14, 20, 37, -4, 26, 22, NULL, '2021-02-17 21:21:21', '2021-02-17 21:21:21', NULL),
(407, 17, 'King', 'Kris', 'A', 48, 8, 8, 16, 136, 5, 26, 22, NULL, '2021-02-17 21:21:21', '2021-02-17 21:21:21', NULL),
(408, 18, 'Erickson', 'Bryan', 'A', 41, 4, 12, 16, 14, 2, 32, 22, NULL, '2021-02-17 21:21:21', '2021-02-17 21:21:21', NULL),
(409, 5, 'Ulanov', 'Igor', 'D', 56, 2, 14, 16, 124, 6, 22, 22, NULL, '2021-02-17 21:21:21', '2021-02-17 21:21:21', NULL),
(410, 20, 'Domi', 'Tie', 'A', 49, 3, 10, 13, 249, 2, 22, 22, 'tie-domi-1996-38.jpg', '2021-02-17 21:21:21', '2021-02-17 21:59:45', NULL),
(411, 85, 'Klima', 'Petr', 'A', 68, 32, 16, 48, 100, -15, 27, 23, NULL, '2021-02-17 21:21:21', '2021-02-17 21:21:21', NULL),
(412, 9, 'Corson', 'Shayne', 'A', 80, 16, 31, 47, 209, -19, 26, 23, NULL, '2021-02-17 21:21:21', '2021-02-17 21:21:21', NULL),
(413, 18, 'Simpson', 'Craig', 'A', 60, 24, 22, 46, 36, -14, 25, 23, NULL, '2021-02-17 21:21:21', '2021-02-17 21:21:21', NULL),
(414, 24, 'Manson', 'Dave', 'D', 83, 15, 30, 45, 210, -28, 25, 23, NULL, '2021-02-17 21:21:21', '2021-02-17 21:21:21', NULL),
(415, 9, 'Nicholls', 'Bernie', 'A', 46, 8, 32, 40, 40, -16, 31, 23, NULL, '2021-02-17 21:21:21', '2021-02-17 21:21:21', NULL),
(416, 10, 'Tikkanen', 'Esa', 'A', 66, 14, 19, 33, 76, -11, 27, 23, NULL, '2021-02-17 21:21:21', '2021-02-17 21:21:21', NULL),
(417, 27, 'Mellanby', 'Scott', 'A', 69, 15, 17, 32, 147, -4, 26, 23, NULL, '2021-02-17 21:21:21', '2021-02-17 21:21:21', NULL),
(418, 16, 'Buchberger', 'Kelly', 'A', 83, 12, 18, 30, 133, -27, 25, 23, NULL, '2021-02-17 21:21:21', '2021-02-17 21:21:21', NULL),
(419, 14, 'MacTavish', 'Craig', 'A', 82, 10, 20, 30, 110, -16, 34, 23, NULL, '2021-02-17 21:21:21', '2021-02-17 21:21:21', NULL),
(420, 8, 'Ciger', 'Zdeno', 'A', 37, 9, 15, 24, 6, -5, 22, 23, NULL, '2021-02-17 21:21:21', '2021-02-17 21:21:21', NULL),
(421, 7, 'Gelinas', 'Martin', 'A', 65, 11, 12, 23, 30, 3, 22, 23, NULL, '2021-02-17 21:21:21', '2021-02-17 21:21:21', NULL),
(422, 41, 'Gilchrist', 'Brent', 'A', 60, 10, 10, 20, 47, -10, 25, 23, NULL, '2021-02-17 21:21:21', '2021-02-17 21:21:21', NULL),
(423, 26, 'Podein', 'Shjon', 'A', 40, 13, 6, 19, 25, -2, 24, 23, NULL, '2021-02-17 21:21:21', '2021-02-17 21:21:21', NULL),
(424, 25, 'Smith', 'Geoff', 'D', 78, 4, 14, 18, 30, -11, 23, 23, NULL, '2021-02-17 21:21:21', '2021-02-17 21:21:21', NULL),
(425, 6, 'Glynn', 'Brian', 'D', 64, 4, 12, 16, 60, -13, 24, 23, NULL, '2021-02-17 21:21:21', '2021-02-17 21:21:21', NULL),
(426, 15, 'Todd', 'Kevin', 'A', 25, 4, 9, 13, 10, -5, 24, 23, NULL, '2021-02-17 21:21:21', '2021-02-17 21:21:21', NULL),
(427, 22, 'Richardson', 'Luke', 'D', 82, 3, 10, 13, 142, -18, 23, 23, NULL, '2021-02-17 21:21:21', '2021-02-17 21:21:21', NULL),
(428, 21, 'Kravchuk', 'Igor', 'D', 17, 4, 8, 12, 2, -8, 25, 23, NULL, '2021-02-17 21:21:21', '2021-02-17 21:21:21', NULL),
(429, 11, 'Kisio', 'Kelly', 'A', 78, 26, 52, 78, 90, -15, 32, 24, NULL, '2021-02-17 21:21:21', '2021-02-17 21:21:21', NULL),
(430, 10, 'Garpenlov', 'Johan', 'A', 79, 22, 44, 66, 56, -26, 24, 24, NULL, '2021-02-17 21:21:21', '2021-02-17 21:21:21', NULL),
(431, 37, 'Gaudreau', 'Rob', 'A', 59, 23, 20, 43, 18, -18, 22, 24, NULL, '2021-02-17 21:21:21', '2021-02-17 21:21:21', NULL),
(432, 12, 'Evason', 'Dean', 'A', 84, 12, 19, 31, 132, -35, 28, 24, NULL, '2021-02-17 21:21:21', '2021-02-17 21:21:21', NULL),
(433, 17, 'Falloon', 'Pat', 'A', 41, 14, 14, 28, 12, -25, 19, 24, NULL, '2021-02-17 21:21:21', '2021-02-17 21:21:21', NULL),
(434, 36, 'Odgers', 'Jeff', 'A', 66, 12, 15, 27, 253, -26, 23, 24, NULL, '2021-02-17 21:21:21', '2021-02-17 21:21:21', NULL),
(435, 6, 'Ozolinsh', 'Sandis', 'D', 37, 7, 16, 23, 40, -9, 20, 24, NULL, '2021-02-17 21:21:21', '2021-02-17 21:21:21', NULL),
(436, 39, 'Courtenay', 'Ed', 'A', 39, 7, 13, 20, 10, -15, 24, 24, NULL, '2021-02-17 21:21:21', '2021-02-17 21:21:21', NULL),
(437, 41, 'Pederson', 'Tom', 'D', 44, 7, 13, 20, 31, -16, 22, 24, NULL, '2021-02-17 21:21:21', '2021-02-17 21:21:21', NULL),
(438, 24, 'Wilson', 'Doug', 'D', 42, 3, 17, 20, 40, -28, 35, 24, NULL, '2021-02-17 21:21:21', '2021-02-17 21:21:21', NULL),
(439, 20, 'Carter', 'John', 'A', 55, 7, 9, 16, 81, -25, 29, 24, NULL, '2021-02-17 21:21:21', '2021-02-17 21:21:21', NULL),
(440, 19, 'Zmolek', 'Doug', 'D', 84, 5, 10, 15, 229, -50, 21, 24, NULL, '2021-02-17 21:21:21', '2021-02-17 21:21:21', NULL),
(441, 47, 'Sullivan', 'Mike', 'A', 81, 6, 8, 14, 30, -42, 24, 24, NULL, '2021-02-17 21:21:21', '2021-02-17 21:21:21', NULL),
(442, 3, 'Williams', 'David', 'D', 40, 1, 11, 12, 49, -27, 25, 24, NULL, '2021-02-17 21:21:21', '2021-02-17 21:21:21', NULL),
(443, 4, 'More', 'Jayson', 'D', 73, 5, 6, 11, 179, -35, 23, 24, NULL, '2021-02-17 21:21:21', '2021-02-17 21:21:21', NULL),
(444, 18, 'Pederson', 'Mark', 'A', 27, 7, 3, 10, 22, -20, 24, 24, NULL, '2021-02-17 21:21:21', '2021-02-17 21:21:21', NULL),
(445, 14, 'Whitney', 'Ray', 'A', 26, 4, 6, 10, 4, -14, 20, 24, NULL, '2021-02-17 21:21:21', '2021-02-17 21:21:21', NULL),
(446, 23, 'sdfsd', 'sfd', 'sdf', 23, 3, 23, 32, 32, 23, 32, 1, NULL, '2021-03-11 22:51:26', '2021-03-11 22:51:26', NULL);

-- --------------------------------------------------------

--
-- Table structure for table `teams`
--

CREATE TABLE `teams` (
  `id` int(11) NOT NULL,
  `ville` varchar(255) NOT NULL,
  `equipe` varchar(255) NOT NULL,
  `abbr` varchar(255) DEFAULT NULL,
  `division` varchar(255) NOT NULL,
  `position` int(11) DEFAULT NULL,
  `position_div` varchar(255) DEFAULT NULL,
  `pj` int(11) DEFAULT NULL,
  `v` int(11) DEFAULT NULL,
  `d` int(11) DEFAULT NULL,
  `n` int(11) DEFAULT NULL,
  `pts` int(11) DEFAULT NULL,
  `bp` int(11) DEFAULT NULL,
  `bc` int(11) DEFAULT NULL,
  `moy_spectateurs` int(11) DEFAULT NULL,
  `entraineur` varchar(255) DEFAULT NULL,
  `resultat` varchar(255) DEFAULT NULL,
  `logo` varchar(255) DEFAULT NULL,
  `created_at` timestamp NOT NULL DEFAULT current_timestamp(),
  `updated_at` timestamp NOT NULL DEFAULT current_timestamp() ON UPDATE current_timestamp(),
  `deleted_at` timestamp NULL DEFAULT NULL
) ENGINE=InnoDB DEFAULT CHARSET=utf8mb4;

--
-- Dumping data for table `teams`
--

INSERT INTO `teams` (`id`, `ville`, `equipe`, `abbr`, `division`, `position`, `position_div`, `pj`, `v`, `d`, `n`, `pts`, `bp`, `bc`, `moy_spectateurs`, `entraineur`, `resultat`, `logo`, `created_at`, `updated_at`, `deleted_at`) VALUES
(1, 'Boston', 'Bruins', 'BOS', 'Adams', 2, '1', 84, 51, 26, 7, 109, 332, 268, 14233, 'Brian Sutter', 'limins  la ronde 1', 'logo_1.png', '2021-02-17 21:16:14', '2021-02-18 06:56:55', NULL),
(2, 'Qubec', 'Nordiques', 'QUE', 'Adams', 4, '2', 84, 47, 27, 10, 104, 351, 300, 14981, 'Pierre Page', 'limins  la ronde 1', 'logo_2.png', '2021-02-17 21:16:14', '2021-02-18 06:56:59', NULL),
(3, 'Montral', 'Canadiens', 'MTL', 'Adams', 6, '3', 84, 48, 30, 6, 102, 326, 280, 17018, 'Jacques Demers', 'Champions', 'logo_3.png', '2021-02-17 21:16:14', '2021-02-18 06:57:03', NULL),
(4, 'Buffalo', 'Sabres', 'BUF', 'Adams', 15, '4', 84, 38, 36, 10, 86, 335, 297, 14981, 'John Muckler', 'limins  la ronde 2', 'logo_4.png', '2021-02-17 21:16:14', '2021-02-18 06:57:28', NULL),
(5, 'Hartford', 'Whalers', 'HFD', 'Adams', 21, '5', 84, 26, 52, 6, 58, 284, 369, 10144, 'Paul Holmgren', 'Exclus des sries', 'logo_5.png', '2021-02-17 21:16:15', '2021-02-18 06:57:46', NULL),
(6, 'Ottawa', 'Snateurs', 'OTT', 'Adams', 24, '6', 84, 10, 70, 4, 24, 202, 395, 10485, 'Rick Bowness', 'Exclus des sries', 'logo_6.png', '2021-02-17 21:16:15', '2021-02-18 06:57:56', NULL),
(7, 'Chicago', 'Blackhawks', 'CHI', 'Norris', 3, '1', 84, 47, 25, 12, 106, 279, 230, 17776, 'Darryl Sutter', 'limins  la ronde 1', 'logo_7.png', '2021-02-17 21:16:15', '2021-02-18 06:56:57', NULL),
(8, 'Detroit', 'Red Wings', 'DET', 'Norris', 5, '2', 84, 47, 28, 9, 103, 369, 280, 19707, 'Bryan Murray', 'limins  la ronde 1', 'logo_8.png', '2021-02-17 21:16:15', '2021-02-18 06:57:00', NULL),
(9, 'Toronto', 'Maple Leafs', 'TOR', 'Norris', 8, '3', 84, 44, 29, 11, 99, 288, 241, 15676, 'Pat Burns', 'limins  la ronde 3', 'logo_9.png', '2021-02-17 21:16:15', '2021-02-18 06:57:07', NULL),
(10, 'Saint-Louis', 'Blues', 'STL', 'Norris', 16, '4', 84, 37, 36, 11, 85, 282, 278, 16737, 'Bob Plager', 'limins  la ronde 2', 'logo_10.png', '2021-02-17 21:16:15', '2021-02-18 06:57:31', NULL),
(11, 'Minnesota', 'North Stars', 'MIN', 'Norris', 18, '5', 84, 36, 38, 10, 82, 272, 293, 13910, 'Bob Gainey', 'Exclus des sries', 'logo_11.png', '2021-02-17 21:16:15', '2021-02-18 06:57:37', NULL),
(12, 'Tampa Bay', 'Lightning', 'TPB', 'Norris', 22, '6', 84, 23, 54, 7, 53, 245, 332, 10014, 'Terry Crisp', 'Exclus des sries', 'logo_12.png', '2021-02-17 21:16:15', '2021-02-18 06:57:51', NULL),
(13, 'Pittsburgh', 'Penguins', 'PIT', 'Patrick', 1, '1', 84, 56, 21, 7, 119, 367, 268, 16105, 'Scotty Bowman', 'limins  la ronde 2', 'logo_13.png', '2021-02-17 21:16:15', '2021-02-18 06:56:52', NULL),
(14, 'Washington', 'Capitals', 'WSH', 'Patrick', 10, '2', 84, 43, 34, 7, 93, 325, 286, 15540, 'Terry Murray', 'limins  la ronde 1', 'logo_14.png', '2021-02-17 21:16:15', '2021-02-18 06:57:11', NULL),
(15, 'New Jersey', 'Devils', 'NJD', 'Patrick', 13, '3', 84, 40, 37, 7, 87, 308, 299, 13658, 'Herb Brooks', 'limins  la ronde 1', 'logo_15.png', '2021-02-17 21:16:15', '2021-02-18 06:57:22', NULL),
(16, 'New York', 'Islanders', 'NYI', 'Patrick', 12, '4', 84, 40, 37, 7, 87, 335, 297, 12036, 'Al Arbour', 'limins  la ronde 3', 'logo_16.png', '2021-02-17 21:16:15', '2021-02-18 06:57:24', NULL),
(17, 'Philadelphia', 'Flyers', 'PHI', 'Patrick', 17, '5', 84, 36, 37, 11, 83, 319, 319, 17281, 'Bill Dineen', 'Exclus des sries', 'logo_17.png', '2021-02-17 21:16:15', '2021-02-18 06:57:34', NULL),
(18, 'New York', 'Rangers', 'NYR', 'Patrick', 19, '6', 84, 34, 39, 11, 79, 304, 308, 17585, 'Roger Neilson', 'Exclus des sries', 'logo_18.png', '2021-02-17 21:16:15', '2021-02-18 06:57:41', NULL),
(19, 'Vancouver', 'Canucks', 'VAN', 'Smythe', 7, '1', 84, 46, 29, 9, 101, 346, 278, 15418, 'Pat Quinn', 'limins  la ronde 2', 'logo_19.png', '2021-02-17 21:16:15', '2021-02-18 06:57:05', NULL),
(20, 'Calgary', 'Flames', 'CGY', 'Smythe', 9, '2', 84, 43, 30, 11, 97, 322, 282, 19529, 'Dave King', 'limins  la ronde 1', 'logo_20.png', '2021-02-17 21:16:15', '2021-02-18 06:57:09', NULL),
(21, 'Los Angeles', 'Kings', 'LAK', 'Smythe', 11, '3', 84, 39, 35, 10, 88, 338, 340, 15833, 'Barry Melrose', 'Finalistes', 'logo_21.png', '2021-02-17 21:16:15', '2021-02-18 06:57:14', NULL),
(22, 'Winnipeg', 'Jets', 'WIN', 'Smythe', 14, '4', 84, 40, 37, 7, 87, 322, 320, 13550, 'John Paddock', 'limins  la ronde 1', 'logo_22.png', '2021-02-17 21:16:16', '2021-02-18 06:57:26', NULL),
(23, 'Edmonton', 'Oilers', 'EDM', 'Smythe', 20, '5', 84, 26, 50, 8, 60, 242, 337, 14797, 'Ted Green', 'Exclus des sries', 'logo_23.png', '2021-02-17 21:16:16', '2021-02-18 06:57:44', NULL),
(24, 'San Jose', 'Sharks', 'SJS', 'Smythe', 23, '6', 84, 11, 71, 2, 24, 218, 414, 11045, 'George Kingston', 'Exclus des sries', 'logo_24.png', '2021-02-17 21:16:16', '2021-02-18 06:57:53', NULL);

-- --------------------------------------------------------

--
-- Table structure for table `users`
--

CREATE TABLE `users` (
  `id` bigint(20) UNSIGNED NOT NULL,
  `name` varchar(255) COLLATE utf8mb4_unicode_ci NOT NULL,
  `email` varchar(255) COLLATE utf8mb4_unicode_ci NOT NULL,
  `email_verified_at` timestamp NULL DEFAULT NULL,
  `password` varchar(255) COLLATE utf8mb4_unicode_ci NOT NULL,
  `remember_token` varchar(100) COLLATE utf8mb4_unicode_ci DEFAULT NULL,
  `created_at` timestamp NULL DEFAULT NULL,
  `updated_at` timestamp NULL DEFAULT NULL
) ENGINE=InnoDB DEFAULT CHARSET=utf8mb4 COLLATE=utf8mb4_unicode_ci;

--
-- Dumping data for table `users`
--

INSERT INTO `users` (`id`, `name`, `email`, `email_verified_at`, `password`, `remember_token`, `created_at`, `updated_at`) VALUES
(1, 'admin', 'admin@admin.admin', NULL, '$2y$10$YDpuJ6fYHJuFs.36j6Js5.MYiOVphFC.PgMH4XFDiQTkha2tYPUDW', NULL, '2021-03-11 23:58:53', '2021-03-11 23:58:53');

--
-- Indexes for dumped tables
--

--
-- Indexes for table `ajouts`
--
ALTER TABLE `ajouts`
  ADD PRIMARY KEY (`id`);

--
-- Indexes for table `failed_jobs`
--
ALTER TABLE `failed_jobs`
  ADD PRIMARY KEY (`id`);

--
-- Indexes for table `migrations`
--
ALTER TABLE `migrations`
  ADD PRIMARY KEY (`id`);

--
-- Indexes for table `password_resets`
--
ALTER TABLE `password_resets`
  ADD KEY `password_resets_email_index` (`email`);

--
-- Indexes for table `players`
--
ALTER TABLE `players`
  ADD PRIMARY KEY (`id`),
  ADD KEY `cst_team` (`team_id`);

--
-- Indexes for table `teams`
--
ALTER TABLE `teams`
  ADD PRIMARY KEY (`id`);

--
-- Indexes for table `users`
--
ALTER TABLE `users`
  ADD PRIMARY KEY (`id`),
  ADD UNIQUE KEY `users_email_unique` (`email`);

--
-- AUTO_INCREMENT for dumped tables
--

--
-- AUTO_INCREMENT for table `ajouts`
--
ALTER TABLE `ajouts`
  MODIFY `id` bigint(20) UNSIGNED NOT NULL AUTO_INCREMENT;

--
-- AUTO_INCREMENT for table `failed_jobs`
--
ALTER TABLE `failed_jobs`
  MODIFY `id` bigint(20) UNSIGNED NOT NULL AUTO_INCREMENT;

--
-- AUTO_INCREMENT for table `migrations`
--
ALTER TABLE `migrations`
  MODIFY `id` int(10) UNSIGNED NOT NULL AUTO_INCREMENT, AUTO_INCREMENT=5;

--
-- AUTO_INCREMENT for table `players`
--
ALTER TABLE `players`
  MODIFY `id` int(11) NOT NULL AUTO_INCREMENT, AUTO_INCREMENT=447;

--
-- AUTO_INCREMENT for table `teams`
--
ALTER TABLE `teams`
  MODIFY `id` int(11) NOT NULL AUTO_INCREMENT, AUTO_INCREMENT=25;

--
-- AUTO_INCREMENT for table `users`
--
ALTER TABLE `users`
  MODIFY `id` bigint(20) UNSIGNED NOT NULL AUTO_INCREMENT, AUTO_INCREMENT=2;

--
-- Constraints for dumped tables
--

--
-- Constraints for table `players`
--
ALTER TABLE `players`
  ADD CONSTRAINT `cst_team` FOREIGN KEY (`team_id`) REFERENCES `teams` (`id`);
COMMIT;

/*!40101 SET CHARACTER_SET_CLIENT=@OLD_CHARACTER_SET_CLIENT */;
/*!40101 SET CHARACTER_SET_RESULTS=@OLD_CHARACTER_SET_RESULTS */;
/*!40101 SET COLLATION_CONNECTION=@OLD_COLLATION_CONNECTION */;
